University Admission year,Gender,Age,H.S.C passing year,Program,Current Semester,Do you have meritorious scholarship ?,Do you use University transportation?,How many hour do you study daily?,How many times do you seat for study in a day?,What is your preferable learning mode?,Do you use smart phone?,Do you have personal Computer?,How many hour do you spent daily in social media?,Status of your English language proficiency,Average attendance on class,Did you ever fall in probation?,Did you ever got suspension?,Do you attend in teacher consultancy for any kind of academical problems?,What are the skills do you have ?,How many hour do you spent daily on your skill development?,What is you interested area?,What is your relationship status?,Are you engaged with any co-curriculum activities?,With whom you are living with?,Do you have any health issues?,What was your previous SGPA?,Do you have any physical disabilities?,What is your current CGPA?,How many Credit did you have completed?,What is your monthly family income?,SGPA_CGPA_Gap,Study_Intensity,Total_Learning_Hours,Social_Study_Ratio
2018,Male,24,2016,BCSE,12,Yes,No,3,2,Offline,Yes,Yes,5,Intermediate,90,No,No,Yes,Software Development,2,Data Schince,Single,Yes,Bachelor,No,2.68,No,3.15,75,25000,0.46999999999999975,6,5,1.6129032258064515
2021,Male,22,2020,BCSE,4,Yes,Yes,3,2,Online,Yes,Yes,3,Basic,96,Yes,No,No,Web development,2,Event management,Single,Yes,Family,No,2.68,No,3.15,36,100000,0.46999999999999975,6,5,0.9677419354838709
2020,Female,21,2019,BCSE,5,No,No,3,3,Offline,Yes,Yes,3,Intermediate,80,No,No,Yes,Programming,1,Software,Single,No,Bachelor,No,2.68,No,3.15,50,50000,0.46999999999999975,9,4,0.9677419354838709
2021,Male,20,2020,BCSE,4,Yes,No,1,3,Offline,Yes,Yes,2,Intermediate,88,No,No,Yes,Programming,1,Artificial Intelligence,Single,No,Bachelor,Yes,2.68,No,3.15,36,62488,0.46999999999999975,3,2,1.8181818181818181
2021,Male,22,2019,BCSE,4,Yes,No,3,1,Online,Yes,Yes,2,Intermediate,80,No,No,Yes,Programming,1,Software,Relationship,No,Bachelor,Yes,2.68,No,3.15,36,50000,0.46999999999999975,3,4,0.6451612903225806
2021,Male,20,2020,BCSE,4,Yes,Yes,2,2,Offline,Yes,Yes,1,Intermediate,95,No,No,Yes,Web development,2,Software,Single,Yes,Family,No,2.68,No,3.15,36,30000,0.46999999999999975,4,4,0.47619047619047616
2021,Male,22,2018,BCSE,4,Yes,No,2,4,Online,Yes,Yes,2,Intermediate,80,No,No,No,Web development,6,Software,Single,No,Bachelor,Yes,2.68,No,3.15,36,20000,0.46999999999999975,8,8,0.9523809523809523
2021,Female,22,2019,BCSE,4,Yes,No,2,2,Offline,Yes,Yes,2,Basic,100,Yes,No,Yes,Web development,1,NETWORKING,Single,No,Bachelor,No,3.8,No,3.64,35,32500,-0.1599999999999997,4,3,0.9523809523809523
2021,Male,20,2020,BCSE,4,Yes,No,3,2,Offline,Yes,Yes,2,Intermediate,90,No,No,No,Programming,3,Software,Single,No,Bachelor,No,2.68,No,3.15,36,20000,0.46999999999999975,6,6,0.6451612903225806
2021,Female,22,2020,BCSE,4,Yes,Yes,5,2,Offline,Yes,Yes,2,Intermediate,100,No,No,Yes,Programming,1,Artificial Intelligence,Single,No,Family,No,2.68,No,3.15,36,25000,0.46999999999999975,10,6,0.3921568627450981
2021,Male,22,2019,BCSE,4,Yes,Yes,3,2,Online,Yes,Yes,3,Intermediate,90,No,No,Yes,Programming,1,Software,Single,Yes,Family,No,2.68,No,3.15,36,50000,0.46999999999999975,6,4,0.9677419354838709
2021,Male,22,2019,BCSE,4,No,No,3,2,Offline,Yes,Yes,2,Basic,90,No,No,No,Programming,2,Software,Single,No,Bachelor,Yes,3.4,No,3.53,35,20000,0.1299999999999999,6,5,0.6451612903225806
2021,Female,22,2020,BCSE,4,No,Yes,1,1,Offline,Yes,Yes,1,Basic,100,No,No,Yes,Programming,2,Software,Single,No,Family,No,2.68,No,3.15,36,50000,0.46999999999999975,1,3,0.9090909090909091
2021,Female,21,2019,BCSE,4,Yes,No,3,2,Offline,Yes,Yes,1,Intermediate,90,No,No,No,Programming,1,Software,Single,No,Bachelor,No,2.68,No,3.15,36,24000,0.46999999999999975,6,4,0.3225806451612903
2021,Female,21,2018,BCSE,4,No,Yes,2,2,Offline,Yes,Yes,1,Basic,97,No,No,No,Programming,2,Software,Single,No,Family,No,2.68,No,3.15,36,70000,0.46999999999999975,4,4,0.47619047619047616
2021,Male,20,2020,BCSE,4,Yes,Yes,2,1,Offline,Yes,Yes,1,Basic,95,No,No,Yes,Programming,3,Software,Single,Yes,Family,No,3.93,No,3.89,35,30000,-0.040000000000000036,2,5,0.47619047619047616
2021,Male,22,2019,BCSE,4,Yes,Yes,5,3,Online,Yes,Yes,1,Intermediate,95,No,No,Yes,Programming,2,Machine Learning,Single,Yes,Family,No,2.68,No,3.15,36,40000,0.46999999999999975,15,7,0.19607843137254904
2021,Female,21,2020,BCSE,4,Yes,No,5,1,Offline,Yes,Yes,2,Basic,97,No,No,No,Programming,2,Software,Single,No,Family,No,2.68,No,3.15,36,50000,0.46999999999999975,5,7,0.3921568627450981
2021,Male,21,2020,BCSE,4,Yes,No,1,2,Online,Yes,Yes,3,Advance,70,No,No,Yes,Programming,2,Software,Relationship,No,Family,No,3.1,No,3.5,35,62488,0.3999999999999999,2,3,2.727272727272727
2021,Male,19,2020,BCSE,4,No,Yes,3,2,Online,Yes,Yes,2,Intermediate,70,Yes,No,Yes,Web development,2,Software,Single,No,Family,No,2.68,No,3.15,36,20000,0.46999999999999975,6,5,0.6451612903225806
2021,Female,21,2019,BCSE,4,Yes,No,3,2,Offline,Yes,Yes,2,Intermediate,96,No,No,Yes,Web development,1,Web development,Single,Yes,Bachelor,No,3.81,No,3.65,34,30000,-0.16000000000000014,6,4,0.6451612903225806
2021,Male,21,2020,BCSE,4,Yes,No,3,3,Offline,Yes,Yes,2,Intermediate,80,Yes,No,No,Networking,2,NETWORKING,Single,No,Bachelor,No,2.68,No,3.15,36,50000,0.46999999999999975,9,5,0.6451612903225806
2021,Male,22,2020,BCSE,4,Yes,No,2,1,Offline,Yes,Yes,2,Intermediate,98,No,No,Yes,Web development,2,Software,Single,Yes,Bachelor,No,2.68,No,3.15,36,20000,0.46999999999999975,2,4,0.9523809523809523
2020,Female,21,2019,BCSE,4,No,Yes,6,3,Offline,Yes,Yes,3,Intermediate,95,No,No,No,Programming,3,Software,Single,Yes,Family,No,2.68,No,3.15,36,25000,0.46999999999999975,18,9,0.49180327868852464
2021,Male,21,2020,BCSE,4,Yes,Yes,1,1,Online,Yes,Yes,1,Advance,85,No,No,Yes,Content creation,2,Machine Learning,Single,Yes,Bachelor,Yes,3.89,No,3.81,35,35000,-0.08000000000000007,1,3,0.9090909090909091
2021,Female,20,2020,BCSE,4,No,No,3,2,Offline,Yes,Yes,1,Basic,97,No,No,Yes,Programming,2,Software,Single,No,Family,No,3.79,No,3.82,39,50000,0.029999999999999805,6,5,0.3225806451612903
2021,Male,20,2020,BCSE,4,No,No,4,3,Offline,Yes,No,3,Basic,95,No,No,No,Programming,2,Software,Single,Yes,Bachelor,No,2.68,No,3.15,36,4000,0.46999999999999975,12,6,0.7317073170731708
2021,Male,19,2020,BCSE,4,Yes,Yes,2,1,Online,Yes,Yes,4,Intermediate,70,Yes,No,Yes,Programming,4,Artificial Intelligence,Single,Yes,Family,Yes,3.55,No,3.48,35,40000,-0.06999999999999984,2,6,1.9047619047619047
2021,Male,21,2020,BCSE,4,Yes,Yes,2,1,Online,Yes,Yes,2,Intermediate,95,No,No,Yes,Web development,2,Software,Single,Yes,Bachelor,Yes,3.28,No,3.32,36,8000,0.040000000000000036,2,4,0.9523809523809523
2021,Male,25,2020,BCSE,4,Yes,No,3,3,Offline,Yes,Yes,2,Intermediate,100,No,No,Yes,Programming,3,Software,Single,Yes,Bachelor,No,2.68,No,3.15,36,47972,0.46999999999999975,9,6,0.6451612903225806
2022,Male,20,2020,BCSE,2,Yes,Yes,3,3,Online,Yes,Yes,4,Intermediate,90,No,No,Yes,Programming,2,Machine Learning,Single,No,Family,No,2.68,No,3.15,11,30000,0.46999999999999975,9,5,1.2903225806451613
2022,Male,20,2020,BCSE,2,Yes,Yes,4,2,Offline,Yes,Yes,2,Intermediate,95,No,No,Yes,Programming,3,Software,Single,Yes,Family,No,2.68,No,3.15,11,90000,0.46999999999999975,8,7,0.48780487804878053
2022,Male,21,2021,BCSE,2,No,No,5,5,Offline,Yes,Yes,2,Intermediate,90,No,No,No,Programming,1,Software,Single,No,Bachelor,No,2.68,No,3.15,11,30000,0.46999999999999975,25,6,0.3921568627450981
2021,Male,23,2018,BCSE,4,Yes,No,8,4,Offline,Yes,Yes,2,Intermediate,100,No,No,No,Programming,2,Software,Single,Yes,Bachelor,No,2.68,No,3.15,36,37000,0.46999999999999975,32,10,0.2469135802469136
2022,Male,20,2020,BCSE,2,Yes,Yes,1,1,Offline,Yes,Yes,2,Basic,95,No,No,No,Programming,1,Software,Single,Yes,Family,No,2.68,No,3.15,11,35000,0.46999999999999975,1,2,1.8181818181818181
2022,Female,20,2020,BCSE,2,Yes,Yes,3,1,Online,Yes,No,1,Intermediate,80,No,No,No,Programming,2,Software,Single,Yes,Family,No,2.68,No,3.15,11,50000,0.46999999999999975,3,5,0.3225806451612903
2022,Female,21,2019,BCSE,2,Yes,No,2,1,Offline,Yes,Yes,3,Basic,99,No,No,Yes,Web development,2,Artificial Intelligence,Single,No,Bachelor,No,2.68,No,3.15,11,30000,0.46999999999999975,2,4,1.4285714285714286
2019,Male,24,2016,BCSE,11,No,No,2,2,Online,Yes,Yes,5,Basic,70,Yes,No,Yes,Programming,4,Software,Single,No,Bachelor,Yes,2.68,No,3.15,126,20000,0.46999999999999975,4,6,2.380952380952381
2022,Female,20,2020,BCSE,2,Yes,Yes,4,2,Offline,Yes,Yes,4,Intermediate,100,No,No,Yes,Programming,1,Software,Single,No,Family,No,2.68,No,3.15,11,80000,0.46999999999999975,8,5,0.9756097560975611
2021,Female,22,2019,BCSE,2,Yes,Yes,5,2,Offline,Yes,Yes,3,Advance,98,No,No,Yes,Programming,2,Software,Single,Yes,Bachelor,No,2.68,No,3.15,11,40000,0.46999999999999975,10,7,0.5882352941176471
2022,Male,20,2020,BCSE,2,Yes,No,5,5,Offline,Yes,Yes,6,Basic,100,No,No,Yes,Programming,3,Machine Learning,Single,No,Bachelor,No,2.68,No,3.15,11,20000,0.46999999999999975,25,8,1.1764705882352942
2022,Male,21,2020,BCSE,2,No,No,3,2,Offline,Yes,Yes,2,Basic,97,No,No,Yes,Programming,2,Software,Single,Yes,Bachelor,No,2.68,No,3.15,11,10000,0.46999999999999975,6,5,0.6451612903225806
2022,Male,21,2020,BCSE,2,Yes,Yes,3,3,Offline,Yes,Yes,1,Basic,98,No,No,Yes,Programming,4,Software,Single,No,Bachelor,No,2.68,No,3.15,11,10000,0.46999999999999975,9,7,0.3225806451612903
2022,Male,19,2020,BCSE,2,Yes,Yes,5,3,Online,Yes,Yes,6,Intermediate,90,No,No,Yes,Programming,1,Software,Single,Yes,Family,No,2.68,No,3.15,11,40000,0.46999999999999975,15,6,1.1764705882352942
2022,Male,19,2020,BCSE,2,Yes,Yes,4,2,Online,Yes,Yes,2,Intermediate,90,No,No,Yes,Programming,2,Software,Single,Yes,Family,No,2.68,No,3.15,11,40000,0.46999999999999975,8,6,0.48780487804878053
2022,Male,19,2020,BCSE,2,Yes,No,4,2,Offline,Yes,Yes,1,Basic,95,No,No,Yes,Programming,3,Software,Single,No,Bachelor,No,2.68,No,3.15,11,25000,0.46999999999999975,8,7,0.24390243902439027
2022,Male,20,2020,BCSE,2,Yes,No,5,2,Offline,Yes,Yes,3,Intermediate,95,No,No,Yes,Programming,1,Software,Single,Yes,Family,No,2.68,No,3.15,11,20000,0.46999999999999975,10,6,0.5882352941176471
2022,Male,19,2020,BCSE,2,Yes,Yes,1,1,Online,Yes,Yes,1,Intermediate,90,No,No,No,Programming,2,Software,Single,Yes,Family,No,2.68,No,3.15,11,22000,0.46999999999999975,1,3,0.9090909090909091
2021,Female,20,2020,BCSE,4,No,No,2,2,Offline,Yes,Yes,3,Basic,99,No,No,No,Programming,1,Software,Single,No,Family,No,3.78,No,3.88,36,200000,0.10000000000000009,4,3,1.4285714285714286
2022,Male,20,2020,BCSE,2,Yes,No,7,2,Offline,Yes,Yes,5,Basic,90,No,No,Yes,Programming,2,Software,Single,No,Family,Yes,2.68,No,3.15,11,39000,0.46999999999999975,14,9,0.7042253521126761
2022,Male,21,2020,BCSE,2,Yes,Yes,2,1,Online,Yes,Yes,3,Intermediate,90,No,No,No,Programming,1,Machine Learning,Single,No,Family,No,2.68,No,3.15,11,30000,0.46999999999999975,2,3,1.4285714285714286
2022,Male,21,2020,BCSE,2,Yes,Yes,2,2,Offline,Yes,Yes,2,Intermediate,88,No,No,No,Programming,2,Software,Single,Yes,Family,No,4.0,No,4.0,11,20000,0.0,4,4,0.9523809523809523
2022,Male,21,2020,BCSE,2,Yes,Yes,5,2,Offline,Yes,Yes,1,Intermediate,95,No,No,Yes,Web development,2,Software,Single,Yes,Family,No,2.68,No,3.15,11,30000,0.46999999999999975,10,7,0.19607843137254904
2022,Male,20,2020,BCSE,2,Yes,No,3,1,Offline,Yes,Yes,2,Intermediate,100,No,No,No,Programming,1,Software,Single,No,Family,No,3.9,No,3.9,12,60000,0.0,3,4,0.6451612903225806
2022,Male,20,2020,BCSE,2,Yes,Yes,2,2,Offline,Yes,Yes,1,Basic,100,No,No,Yes,Programming,2,Software,Single,No,Family,No,2.68,No,3.15,11,40000,0.46999999999999975,4,4,0.47619047619047616
2022,Male,22,2020,BCSE,2,No,Yes,1,1,Online,Yes,Yes,7,Basic,80,No,No,Yes,Networking,2,Software,Single,Yes,Family,Yes,2.68,No,3.15,11,32000,0.46999999999999975,1,3,6.363636363636363
2021,Male,20,2020,BCSE,2,Yes,No,1,2,Offline,Yes,Yes,2,Intermediate,100,No,No,No,Programming,1,Artificial Intelligence,Single,No,Family,No,2.68,No,3.15,11,30000,0.46999999999999975,2,2,1.8181818181818181
2021,Female,20,2020,BCSE,2,Yes,Yes,1,2,Offline,Yes,Yes,1,Intermediate,98,No,No,No,Programming,2,Software,Single,Yes,Family,No,2.68,No,3.15,11,40000,0.46999999999999975,2,3,0.9090909090909091
2022,Male,20,2020,BCSE,2,Yes,Yes,4,1,Online,Yes,Yes,3,Intermediate,85,No,No,Yes,Web development,2,Software,Single,No,Family,No,2.68,No,3.15,11,30000,0.46999999999999975,4,6,0.7317073170731708
2021,Female,20,2020,BCSE,2,Yes,Yes,2,1,Offline,Yes,Yes,4,Intermediate,99,No,No,No,Programming,2,Software,Single,Yes,Family,No,2.68,No,3.15,11,40000,0.46999999999999975,2,4,1.9047619047619047
2022,Male,20,2020,BCSE,2,Yes,Yes,1,1,Offline,Yes,Yes,4,Intermediate,75,No,No,Yes,Programming,1,Software,Single,No,Family,No,2.68,No,3.15,11,35000,0.46999999999999975,1,2,3.6363636363636362
2021,Male,21,2020,BCSE,4,Yes,Yes,3,2,Offline,Yes,Yes,4,Intermediate,85,No,No,Yes,Web development,2,Artificial Intelligence,Relationship,No,Bachelor,No,2.68,No,3.15,36,40000,0.46999999999999975,6,5,1.2903225806451613
2019,Male,23,2017,BCSE,11,No,Yes,1,2,Offline,Yes,Yes,2,Intermediate,100,No,No,No,Web development,2,Software,Single,Yes,Bachelor,No,2.68,No,3.15,126,15000,0.46999999999999975,2,3,1.8181818181818181
2020,Male,21,2019,BCSE,8,Yes,No,3,2,Offline,Yes,Yes,5,Intermediate,95,No,No,Yes,Programming,1,Software,Single,No,Bachelor,No,3.84,No,3.8,80,23000,-0.040000000000000036,6,4,1.6129032258064515
2020,Male,21,2019,BCSE,8,No,Yes,3,2,Offline,Yes,Yes,2,Advance,95,No,No,Yes,Web development,2,Software,Single,Yes,Bachelor,No,2.68,No,3.15,88,62488,0.46999999999999975,6,5,0.6451612903225806
2018,Male,24,2016,BCSE,12,Yes,No,2,2,Offline,Yes,Yes,4,Intermediate,70,No,No,Yes,Programming,2,Machine Learning,Single,Yes,Bachelor,No,3.31,No,3.52,132,350000,0.20999999999999996,4,4,1.9047619047619047
2020,Male,22,2019,BCSE,8,No,No,3,2,Online,Yes,Yes,4,Intermediate,100,No,No,Yes,Other,2,Machine Learning,Single,No,Bachelor,No,2.68,No,3.15,88,50000,0.46999999999999975,6,5,1.2903225806451613
2022,Female,21,2020,BCSE,2,Yes,No,3,1,Online,Yes,Yes,2,Advance,95,No,No,Yes,Programming,1,Software,Single,No,Family,No,2.68,No,3.15,11,40000,0.46999999999999975,3,4,0.6451612903225806
2022,Male,20,2020,BCSE,2,No,No,3,2,Offline,Yes,Yes,2,Intermediate,100,No,No,Yes,Web development,5,Software,Relationship,No,Bachelor,No,2.68,No,3.15,11,35000,0.46999999999999975,6,8,0.6451612903225806
2020,Female,21,2019,BCSE,8,Yes,Yes,3,2,Offline,Yes,Yes,2,Basic,80,No,No,Yes,Programming,2,Software,Single,No,Family,No,2.68,No,3.15,88,35000,0.46999999999999975,6,5,0.6451612903225806
2022,Male,21,2020,BCSE,2,No,No,8,2,Online,Yes,Yes,1,Basic,100,No,No,Yes,Web development,2,programming,Single,Yes,Bachelor,No,2.68,No,3.15,11,30000,0.46999999999999975,16,10,0.1234567901234568
2020,Male,23,2018,BCSE,8,Yes,Yes,2,2,Online,Yes,Yes,1,Intermediate,90,No,No,Yes,Web development,1,Software,Single,No,Family,No,2.68,No,3.15,88,40000,0.46999999999999975,4,3,0.47619047619047616
2022,Male,20,2020,BCSE,2,Yes,Yes,4,1,Offline,Yes,Yes,1,Intermediate,95,No,No,Yes,Programming,1,Software,Single,Yes,Family,No,2.68,No,3.15,11,35000,0.46999999999999975,4,5,0.24390243902439027
2020,Female,21,2019,BCSE,8,No,Yes,1,1,Online,Yes,Yes,2,Intermediate,95,No,No,No,Software Development,2,Software,Single,No,Family,Yes,2.68,No,3.15,88,40000,0.46999999999999975,1,3,1.8181818181818181
2018,Female,24,2017,BCSE,12,No,Yes,2,2,Offline,Yes,Yes,3,Intermediate,80,Yes,No,Yes,Networking,1,Machine Learning,Married,Yes,Family,No,2.68,No,3.15,136,30000,0.46999999999999975,4,3,1.4285714285714286
2020,Male,22,2019,BCSE,8,No,No,3,1,Online,Yes,Yes,1,Intermediate,100,No,No,No,Programming,8,Software,Single,Yes,Bachelor,No,2.68,No,3.15,88,35000,0.46999999999999975,3,11,0.3225806451612903
2020,Male,21,2019,BCSE,8,No,Yes,4,1,Offline,Yes,Yes,2,Basic,95,No,No,Yes,Programming,2,Software,Single,No,Bachelor,No,2.68,No,3.15,88,25000,0.46999999999999975,4,6,0.48780487804878053
2022,Female,20,2020,BCSE,2,Yes,Yes,5,3,Offline,Yes,No,2,Basic,99,No,No,Yes,Programming,2,Software,Single,Yes,Family,Yes,2.68,No,3.15,11,600000,0.46999999999999975,15,7,0.3921568627450981
2022,Female,20,2019,BCSE,2,Yes,Yes,4,3,Offline,Yes,Yes,4,Basic,100,No,No,Yes,Programming,2,Software,Engaged,No,Family,No,2.68,No,3.15,11,35000,0.46999999999999975,12,6,0.9756097560975611
2020,Female,20,2019,BCSE,8,Yes,No,1,1,Offline,Yes,Yes,5,Intermediate,80,No,No,Yes,Web development,2,Software,Married,No,Bachelor,No,3.49,No,3.67,71,40000,0.17999999999999972,1,3,4.545454545454545
2020,Male,21,2019,BCSE,8,No,No,4,1,Online,Yes,Yes,2,Intermediate,100,No,No,Yes,Web development,2,NETWORKING,Single,No,Bachelor,No,3.07,No,2.74,85,20000,-0.3299999999999996,4,6,0.48780487804878053
2019,Male,21,2019,BCSE,8,No,Yes,3,1,Offline,Yes,Yes,8,Intermediate,85,No,No,Yes,Graphics Designing,1,NETWORKING,Single,No,Family,No,2.68,No,3.15,88,20000,0.46999999999999975,3,4,2.5806451612903225
2019,Female,21,2019,BCSE,8,No,Yes,3,1,Offline,Yes,Yes,1,Intermediate,95,No,No,Yes,Programming,1,NETWORKING,Single,No,Family,No,3.76,No,3.5,83,92000,-0.2599999999999998,3,4,0.3225806451612903
2020,Male,22,2019,BCSE,8,No,Yes,3,1,Offline,No,Yes,1,Intermediate,98,No,No,No,Web development,2,Software,Single,No,Family,No,2.7,No,2.8,80,35000,0.09999999999999964,3,5,0.3225806451612903
2020,Male,22,2019,BCSE,8,No,No,2,1,Offline,Yes,Yes,2,Intermediate,95,No,No,No,Web development,2,NETWORKING,Single,No,Bachelor,No,2.68,No,3.15,88,20000,0.46999999999999975,2,4,0.9523809523809523
2020,Male,23,2017,BCSE,8,No,Yes,1,1,Online,Yes,Yes,1,Intermediate,99,No,No,Yes,Web development,2,Software,Single,Yes,Family,No,2.68,No,3.15,88,15000,0.46999999999999975,1,3,0.9090909090909091
2020,Male,23,2017,BCSE,8,Yes,Yes,2,1,Online,Yes,Yes,1,Intermediate,96,No,No,No,Networking,2,NETWORKING,Single,Yes,Family,No,2.68,No,3.15,88,30000,0.46999999999999975,2,4,0.47619047619047616
2022,Male,21,2020,BCSE,2,No,Yes,3,1,Offline,Yes,Yes,1,Intermediate,95,No,No,Yes,Programming,2,Software,Single,Yes,Family,No,3.65,No,3.15,11,45000,-0.5,3,5,0.3225806451612903
2020,Male,22,2019,BCSE,8,No,Yes,1,1,Offline,Yes,Yes,15,Intermediate,100,No,No,Yes,Web development,1,Hardware,Relationship,No,Family,No,2.68,No,3.15,88,90000,0.46999999999999975,1,2,13.636363636363635
2020,Female,21,2019,BCSE,8,No,No,2,2,Offline,Yes,Yes,2,Basic,80,No,No,No,Web development,1,Machine Learning,Single,No,Family,No,2.68,No,3.15,88,35000,0.46999999999999975,4,3,0.9523809523809523
2020,Male,20,2019,BCSE,8,Yes,Yes,2,1,Online,Yes,Yes,3,Basic,95,No,No,No,Web development,3,Software,Single,No,Bachelor,No,2.68,No,3.15,88,20000,0.46999999999999975,2,5,1.4285714285714286
2021,Male,21,2020,BCSE,2,Yes,Yes,4,2,Offline,Yes,Yes,2,Intermediate,88,No,No,Yes,Web development,2,Software,Single,Yes,Bachelor,No,2.68,No,3.15,11,100000,0.46999999999999975,8,6,0.48780487804878053
2019,Male,23,2018,BCSE,11,Yes,No,6,2,Offline,Yes,Yes,3,Intermediate,100,No,No,No,Web development,2,Software,Single,Yes,Bachelor,No,3.84,No,3.1,73,30000,-0.7399999999999998,12,8,0.49180327868852464
2022,Female,20,2020,BCSE,2,No,No,2,1,Offline,Yes,Yes,6,Intermediate,80,Yes,No,No,Programming,2,Software,Single,No,Bachelor,No,2.68,No,3.15,11,70000,0.46999999999999975,2,4,2.857142857142857
2018,Female,24,2016,BCSE,10,No,Yes,2,1,Online,Yes,Yes,4,Basic,90,Yes,No,No,Web development,4,Software,Single,No,Family,No,2.68,No,3.15,113,40000,0.46999999999999975,2,6,1.9047619047619047
2022,Female,21,2020,BCSE,2,Yes,No,2,4,Offline,Yes,Yes,1,Basic,100,No,No,Yes,Programming,2,Software,Engaged,Yes,Bachelor,No,2.68,No,3.15,11,10000,0.46999999999999975,8,4,0.47619047619047616
2021,Male,20,2020,BCSE,4,Yes,Yes,2,1,Offline,Yes,Yes,2,Advance,82,No,No,Yes,Programming,4,Software,Relationship,No,Bachelor,No,2.68,No,3.15,36,40000,0.46999999999999975,2,6,0.9523809523809523
2021,Male,22,2020,BCSE,4,Yes,Yes,1,1,Offline,Yes,Yes,1,Intermediate,90,No,No,No,Programming,0,Software,Single,No,Family,No,2.68,No,3.15,36,20000,0.46999999999999975,1,1,0.9090909090909091
2021,Male,20,2019,BCSE,5,No,No,3,2,Offline,Yes,Yes,1,Intermediate,98,No,No,No,Web development,8,Machine Learning,Single,Yes,Bachelor,No,2.68,No,3.15,50,22000,0.46999999999999975,6,11,0.3225806451612903
2019,Male,23,2017,BCSE,11,No,Yes,3,2,Online,Yes,Yes,1,Intermediate,85,Yes,No,Yes,Web development,2,Software,Single,No,Bachelor,Yes,2.68,No,3.15,126,45000,0.46999999999999975,6,5,0.3225806451612903
2020,Female,21,2019,BCSE,8,No,Yes,4,1,Offline,Yes,Yes,3,Intermediate,90,No,No,Yes,Web development,1,Software,Single,No,Family,No,2.68,No,3.15,88,40000,0.46999999999999975,4,5,0.7317073170731708
2022,Female,20,2020,BCSE,2,Yes,Yes,2,1,Offline,Yes,Yes,5,Intermediate,90,No,No,Yes,Programming,1,Software,Single,No,Family,Yes,2.68,No,3.15,11,50000,0.46999999999999975,2,3,2.380952380952381
2020,Female,22,2019,BCSE,8,Yes,No,3,1,Offline,Yes,Yes,4,Intermediate,90,No,No,Yes,Web development,2,Software,Single,No,Bachelor,No,2.68,No,3.15,88,50000,0.46999999999999975,3,5,1.2903225806451613
2018,Male,23,2017,BCSE,13,No,No,2,4,Offline,Yes,Yes,6,Basic,88,Yes,No,Yes,Networking,1,Software,Relationship,No,Bachelor,No,2.68,No,3.15,112,30000,0.46999999999999975,8,3,2.857142857142857
2022,Male,20,2020,BCSE,2,Yes,No,3,4,Offline,Yes,Yes,1,Basic,95,No,No,Yes,Software Development,5,Software,Single,No,Bachelor,No,2.68,No,3.15,11,40000,0.46999999999999975,12,8,0.3225806451612903
2021,Male,19,2020,BCSE,4,Yes,No,1,1,Offline,Yes,No,1,Intermediate,95,No,No,Yes,Programming,1,Software,Single,Yes,Family,No,3.5,No,3.58,35,30000,0.08000000000000007,1,2,0.9090909090909091
2021,Male,21,2019,BCSE,4,Yes,Yes,4,2,Offline,Yes,Yes,1,Intermediate,90,No,No,No,Web development,2,Software,Single,Yes,Family,No,3.38,No,3.82,27,40000,0.43999999999999995,8,6,0.24390243902439027
2020,Male,21,2019,BCSE,8,No,No,2,2,Offline,Yes,Yes,1,Intermediate,90,Yes,Yes,Yes,Programming,1,Machine Learning,Single,No,Bachelor,No,2.68,No,3.15,88,30000,0.46999999999999975,4,3,0.47619047619047616
2019,Female,22,2017,BCSE,10,No,No,9,3,Online,Yes,Yes,1,Intermediate,88,Yes,No,No,Database,1,Hardware,Single,No,Bachelor,No,2.68,No,3.15,113,62488,0.46999999999999975,27,10,0.10989010989010989
2022,Female,19,2020,BCSE,2,Yes,Yes,3,2,Offline,Yes,Yes,2,Basic,100,No,No,Yes,Programming,3,Software,Single,Yes,Family,No,2.68,No,3.15,11,35000,0.46999999999999975,6,6,0.6451612903225806
2022,Female,22,2022,BCSE,4,Yes,No,1,1,Offline,Yes,Yes,10,Basic,80,Yes,No,No,Programming,2,Software,Single,No,Family,No,2.68,No,3.15,36,100000,0.46999999999999975,1,3,9.09090909090909
2021,Male,22,2018,BCSE,4,Yes,No,3,2,Offline,Yes,Yes,3,Intermediate,80,No,No,Yes,Networking,3,Machine Learning,Single,No,Bachelor,No,2.68,No,3.15,36,30000,0.46999999999999975,6,6,0.9677419354838709
2019,Female,21,2019,BCSE,9,No,No,2,3,Offline,Yes,Yes,3,Basic,92,Yes,No,Yes,Web development,1,Software,Single,Yes,Bachelor,No,1.89,No,2.69,86,20000,0.8,6,3,1.4285714285714286
2021,Female,19,2020,BCSE,4,Yes,No,7,3,Offline,Yes,No,3,Advance,90,No,No,Yes,Programming,1,Software,Single,Yes,Family,No,3.7,No,3.77,35,62488,0.06999999999999984,21,8,0.4225352112676057
2022,Male,19,2020,BCSE,2,Yes,No,4,2,Offline,Yes,Yes,2,Intermediate,95,No,No,Yes,Programming,2,Software,Single,Yes,Family,No,2.68,No,3.15,11,30000,0.46999999999999975,8,6,0.48780487804878053
2022,Male,21,2019,BCSE,2,Yes,No,5,2,Offline,Yes,Yes,3,Intermediate,95,No,No,No,Programming,2,Software,Single,No,Bachelor,No,2.68,No,3.15,11,20000,0.46999999999999975,10,7,0.5882352941176471
2019,Male,25,2018,BCSE,11,Yes,No,2,1,Offline,Yes,Yes,2,Intermediate,70,Yes,No,No,Web development,4,Software,Single,No,Bachelor,Yes,0.0,No,2.53,91,30000,2.53,2,6,0.9523809523809523
2019,Female,22,2019,BCSE,9,No,Yes,3,3,Online,Yes,No,2,Basic,99,No,No,Yes,Web development,2,Data Science,Single,No,Family,Yes,2.68,No,3.15,100,20000,0.46999999999999975,9,5,0.6451612903225806
2018,Male,24,2017,BCSE,13,No,No,2,2,Offline,Yes,Yes,4,Basic,50,Yes,Yes,Yes,Web development,5,Software,Married,Yes,Bachelor,No,2.2,No,2.66,110,60000,0.45999999999999996,4,7,1.9047619047619047
2017,Male,22,2017,BCSE,15,Yes,No,1,1,Offline,Yes,Yes,4,Advance,100,Yes,No,Yes,Web development,4,Software,Single,No,Bachelor,Yes,2.6,No,2.6,90,62488,0.0,1,5,3.6363636363636362
2019,Female,22,2018,BCSE,11,No,Yes,3,1,Offline,Yes,Yes,3,Intermediate,95,No,No,Yes,Networking,0,Software,Married,No,Family,Yes,2.7,No,2.91,120,150000,0.20999999999999996,3,3,0.9677419354838709
2018,Male,23,2017,BCSE,14,No,No,2,2,Online,Yes,Yes,1,Intermediate,90,Yes,Yes,Yes,Programming,2,Software,Single,Yes,Family,No,2.87,No,2.99,120,30000,0.1200000000000001,4,4,0.47619047619047616
2021,Male,20,2019,BCSE,5,No,No,4,4,Offline,Yes,Yes,1,Intermediate,95,Yes,No,No,Programming,4,Software,Single,No,Bachelor,No,2.68,No,3.15,50,25000,0.46999999999999975,16,8,0.24390243902439027
2019,Male,23,2017,BCSE,9,No,Yes,2,1,Online,Yes,Yes,4,Intermediate,70,No,No,Yes,Cyber security,4,NETWORKING,Relationship,Yes,Family,No,2.68,No,3.15,100,200000,0.46999999999999975,2,6,1.9047619047619047
2015,Male,26,2012,BCSE,21,No,No,1,1,Offline,Yes,Yes,1,Basic,85,Yes,No,No,Web development,1,Hardware,Single,No,Bachelor,Yes,2.68,Yes,3.15,77,50000,0.46999999999999975,1,2,0.9090909090909091
2019,Male,22,2019,BCSE,9,No,No,3,5,Online,Yes,Yes,1,Intermediate,99,No,No,No,Web development,3,Software,Single,No,Bachelor,No,2.68,No,3.15,100,40000,0.46999999999999975,15,6,0.3225806451612903
2019,Male,23,2018,BCSE,9,No,Yes,1,1,Offline,Yes,Yes,1,Intermediate,70,No,No,No,Web development,1,Hardware,Relationship,Yes,Family,Yes,2.7,No,2.92,76,15000,0.21999999999999975,1,2,0.9090909090909091
2019,Male,21,2018,BCSE,11,No,Yes,2,1,Offline,Yes,Yes,1,Intermediate,73,No,No,Yes,Programming,2,NETWORKING,Single,No,Family,No,2.68,No,3.15,126,75000,0.46999999999999975,2,4,0.47619047619047616
2019,Male,22,2018,BCSE,11,No,No,2,2,Online,Yes,Yes,1,Intermediate,100,Yes,Yes,Yes,Programming,2,Software,Single,No,Bachelor,Yes,2.68,No,3.15,126,40000,0.46999999999999975,4,4,0.47619047619047616
2018,Female,23,2016,BCSE,14,No,Yes,3,2,Offline,Yes,Yes,1,Basic,70,Yes,No,No,Programming,2,Hardware,Single,No,Bachelor,Yes,2.98,Yes,2.96,118,20000,-0.020000000000000018,6,5,0.3225806451612903
2019,Female,21,2018,BCSE,11,No,No,1,1,Offline,Yes,Yes,2,Advance,75,No,No,Yes,Web development,2,Software,Relationship,No,Family,No,2.68,No,3.15,126,40000,0.46999999999999975,1,3,1.8181818181818181
2021,Female,20,2019,BCSE,2,Yes,No,5,2,Offline,Yes,Yes,7,Basic,80,No,No,No,Programming,2,Software,Single,Yes,Bachelor,Yes,2.68,No,3.15,11,62488,0.46999999999999975,10,7,1.3725490196078431
2019,Female,21,2019,BCSE,9,No,No,6,3,Offline,Yes,Yes,2,Intermediate,88,No,No,Yes,Web development,4,Software,Single,No,Bachelor,No,2.68,No,3.15,100,62488,0.46999999999999975,18,10,0.3278688524590164
2019,Male,22,2019,BCSE,9,No,No,3,4,Offline,Yes,Yes,2,Intermediate,99,No,No,No,Web development,7,Web Development,Single,No,Bachelor,No,3.52,No,2.9,100,15000,-0.6200000000000001,12,10,0.6451612903225806
2020,Male,23,2018,BCSE,8,Yes,Yes,4,5,Offline,Yes,Yes,3,Intermediate,100,No,No,Yes,Programming,2,Software,Single,Yes,Bachelor,No,3.48,No,3.08,68,20000,-0.3999999999999999,20,6,0.7317073170731708
2016,Male,25,2014,BCSE,11,Yes,Yes,2,1,Online,Yes,Yes,3,Advance,90,Yes,No,Yes,Web development,3,Software,Single,Yes,Family,No,2.68,No,3.15,126,63000,0.46999999999999975,2,5,1.4285714285714286
2019,Female,22,2018,BCSE,11,Yes,Yes,1,2,Online,Yes,Yes,3,Basic,80,No,No,No,Web development,3,NETWORKING,Single,No,Family,No,2.68,No,3.15,126,50000,0.46999999999999975,2,4,2.727272727272727
2020,Male,20,2019,BCSE,6,No,No,2,2,Online,Yes,Yes,5,Basic,90,Yes,No,No,Networking,2,NETWORKING,Single,No,Family,No,2.68,No,3.15,65,40000,0.46999999999999975,4,4,2.380952380952381
2018,Male,25,2016,BCSE,14,No,No,6,4,Online,Yes,Yes,2,Advance,2,Yes,No,Yes,Web development,4,Software,Single,Yes,Family,No,3.16,No,2.68,121,60000,-0.48,24,10,0.3278688524590164
2021,Female,21,2019,BCSE,5,No,No,2,3,Offline,Yes,Yes,1,Basic,87,Yes,No,Yes,Programming,1,UI/UX,Married,No,Family,No,1.92,No,2.42,39,60000,0.5,6,3,0.47619047619047616
2021,Male,20,2020,BCSE,4,No,Yes,2,1,Offline,Yes,Yes,2,Intermediate,80,No,No,Yes,Web development,4,Blockchain,Single,No,Family,Yes,2.68,No,3.15,36,30000,0.46999999999999975,2,6,0.9523809523809523
2015,Male,27,2014,BCSE,10,No,Yes,5,2,Online,Yes,Yes,6,Basic,50,Yes,No,Yes,Networking,2,NETWORKING,Single,No,Family,No,2.68,No,3.15,113,7000,0.46999999999999975,10,7,1.1764705882352942
2019,Female,22,2018,BCSE,11,No,No,8,3,Online,Yes,Yes,4,Intermediate,99,No,No,Yes,Web development,4,Software,Single,No,Bachelor,No,2.68,No,3.15,126,20000,0.46999999999999975,24,12,0.4938271604938272
2022,Male,20,2020,BCSE,2,No,Yes,3,3,Offline,Yes,Yes,1,Intermediate,99,No,No,No,Programming,1,Software,Single,No,Family,No,2.68,No,3.15,11,20000,0.46999999999999975,9,4,0.3225806451612903
2020,Male,22,2018,BCSE,7,No,Yes,1,1,Offline,Yes,Yes,5,Basic,70,Yes,No,Yes,Networking,1,NETWORKING,Single,No,Family,No,2.68,No,3.15,77,20000,0.46999999999999975,1,2,4.545454545454545
2022,Male,21,2020,BCSE,2,Yes,Yes,7,2,Online,Yes,Yes,1,Intermediate,100,No,No,Yes,Programming,3,Software,Single,Yes,Family,No,2.68,No,3.15,11,30000,0.46999999999999975,14,10,0.14084507042253522
2018,Male,23,2017,BCSE,13,No,No,2,1,Offline,Yes,Yes,1,Basic,75,Yes,Yes,Yes,Programming,3,Software,Single,No,Bachelor,No,2.68,No,3.15,136,35000,0.46999999999999975,2,5,0.47619047619047616
2020,Female,23,2020,BCSE,8,Yes,No,6,3,Offline,Yes,Yes,6,Intermediate,100,No,No,Yes,Programming,2,Software,Single,No,Bachelor,No,2.68,No,3.15,88,62488,0.46999999999999975,18,8,0.9836065573770493
2017,Female,25,2015,BCSE,8,No,No,2,2,Offline,Yes,Yes,1,Intermediate,100,No,No,Yes,Networking,2,NETWORKING,Married,No,Family,No,2.68,No,3.15,88,60000,0.46999999999999975,4,4,0.47619047619047616
2022,Female,20,2020,BCSE,2,No,Yes,4,3,Offline,Yes,No,2,Intermediate,88,No,No,Yes,Programming,3,Software,Single,No,Bachelor,No,2.68,No,3.15,11,60000,0.46999999999999975,12,7,0.48780487804878053
2021,Male,21,2020,BCSE,4,Yes,Yes,2,2,Offline,Yes,Yes,2,Advance,80,No,No,Yes,Programming,2,Software,Relationship,Yes,Family,No,2.68,No,3.15,36,50000,0.46999999999999975,4,4,0.9523809523809523
2015,Female,26,2014,BCSE,22,No,Yes,2,2,Online,Yes,Yes,3,Intermediate,80,Yes,Yes,No,Software Development,2,Software,Married,Yes,Family,Yes,2.68,No,3.15,77,30000,0.46999999999999975,4,4,1.4285714285714286
2019,Male,23,2018,BCSE,11,No,Yes,5,5,Offline,Yes,Yes,3,Intermediate,90,No,No,Yes,Networking,2,NETWORKING,Single,No,Bachelor,No,3.29,No,3.23,114,28000,-0.06000000000000005,25,7,0.5882352941176471
2019,Female,22,2018,BCSE,11,No,Yes,3,1,Offline,Yes,Yes,3,Intermediate,100,No,No,Yes,App development,3,Machine Learning,Single,Yes,Family,No,2.68,No,3.15,126,60000,0.46999999999999975,3,6,0.9677419354838709
2017,Male,23,2017,BCSE,12,No,No,2,2,Offline,Yes,Yes,1,Advance,100,Yes,No,Yes,Networking,3,Software,Single,No,Bachelor,No,2.68,No,3.15,136,90000,0.46999999999999975,4,5,0.47619047619047616
2017,Male,24,2017,BCSE,15,No,No,3,2,Online,Yes,Yes,3,Advance,80,Yes,No,Yes,Web development,4,Software,Single,No,Bachelor,No,2.68,No,3.15,113,200000,0.46999999999999975,6,7,0.9677419354838709
2020,Female,21,2019,BCSE,8,No,No,4,2,Offline,Yes,Yes,1,Intermediate,100,No,No,No,Web development,1,Software,Single,Yes,Family,No,2.68,No,3.15,88,50000,0.46999999999999975,8,5,0.24390243902439027
2019,Female,22,2018,BCSE,9,No,Yes,3,1,Offline,Yes,Yes,5,Basic,80,Yes,No,No,Programming,3,Software,Married,No,Bachelor,Yes,2.0,No,2.22,77,4000,0.2200000000000002,3,6,1.6129032258064515
2022,Male,19,2020,BCSE,2,Yes,Yes,3,2,Offline,Yes,Yes,3,Basic,90,No,No,Yes,Programming,1,Software,Single,No,Family,No,2.68,No,3.15,11,40000,0.46999999999999975,6,4,0.9677419354838709
2019,Female,21,2018,BCSE,10,No,No,5,1,Offline,Yes,Yes,3,Intermediate,80,Yes,No,Yes,Programming,2,Software,Single,No,Bachelor,Yes,3.3,No,3.24,105,80000,-0.05999999999999961,5,7,0.5882352941176471
2019,Male,23,2017,BCSE,10,No,Yes,3,2,Online,Yes,Yes,2,Basic,90,No,No,Yes,Software Development,3,Software,Single,No,Bachelor,Yes,2.68,No,3.15,113,35000,0.46999999999999975,6,6,0.6451612903225806
2019,Male,21,2018,BCSE,9,No,No,1,1,Online,Yes,Yes,12,Intermediate,90,No,No,Yes,Web development,6,Software,Single,No,Bachelor,No,3.01,No,2.76,79,65000,-0.25,1,7,10.909090909090908
2018,Male,23,2017,BCSE,12,No,No,4,1,Offline,Yes,Yes,2,Intermediate,97,No,No,Yes,Web development,4,Software,Single,No,Bachelor,No,2.68,No,3.15,136,20000,0.46999999999999975,4,8,0.48780487804878053
2019,Male,22,2018,BCSE,9,No,No,3,2,Offline,Yes,Yes,3,Basic,95,No,No,Yes,Web development,2,Data Science,Single,No,Bachelor,No,3.2,No,3.3,103,40000,0.09999999999999964,6,5,0.9677419354838709
2018,Female,23,2017,BCSE,12,No,No,3,2,Online,Yes,Yes,2,Advance,80,Yes,No,Yes,Programming,2,Software,Single,Yes,Family,No,2.68,No,3.15,136,100000,0.46999999999999975,6,5,0.6451612903225806
2022,Female,20,2020,BCSE,2,Yes,No,4,1,Offline,Yes,Yes,6,Basic,90,No,No,Yes,Programming,2,Software,Single,No,Bachelor,No,2.68,No,3.15,11,50000,0.46999999999999975,4,6,1.4634146341463417
2018,Male,25,2015,BCSE,12,Yes,No,1,3,Offline,No,Yes,1,Intermediate,90,No,No,No,Web development,1,Software,Single,No,Bachelor,No,2.68,No,3.15,136,20000,0.46999999999999975,3,2,0.9090909090909091
2022,Male,20,2020,BCSE,2,Yes,Yes,3,2,Offline,Yes,Yes,4,Intermediate,90,No,No,Yes,Programming,2,Software,Single,Yes,Family,No,2.68,No,3.15,11,30000,0.46999999999999975,6,5,1.2903225806451613
2020,Female,23,2018,BCSE,7,No,Yes,3,2,Offline,Yes,Yes,4,Basic,40,Yes,Yes,Yes,Web development,2,Software,Married,Yes,Family,No,2.4,No,2.4,70,60000,0.0,6,5,1.2903225806451613
2020,Male,23,2018,BCSE,8,No,No,4,2,Online,Yes,Yes,2,Intermediate,90,No,No,No,Web development,1,Machine Learning,Single,Yes,Bachelor,No,2.68,No,3.15,88,50000,0.46999999999999975,8,5,0.48780487804878053
2021,Male,22,2020,BCSE,4,Yes,Yes,4,2,Offline,Yes,Yes,2,Intermediate,90,No,No,No,Web development,2,Software,Single,Yes,Family,No,2.16,No,2.75,35,40000,0.5899999999999999,8,6,0.48780487804878053
2019,Male,22,2018,BCSE,9,Yes,No,8,3,Offline,Yes,Yes,3,Intermediate,90,No,No,Yes,Web development,2,Software,Single,No,Bachelor,No,2.68,No,3.15,100,40000,0.46999999999999975,24,10,0.3703703703703704
2020,Male,23,2018,BCSE,8,Yes,Yes,5,3,Offline,No,Yes,2,Intermediate,5,Yes,No,Yes,Programming,2,Software,Single,Yes,Bachelor,No,2.68,No,3.15,88,12000,0.46999999999999975,15,7,0.3921568627450981
2021,Male,21,2020,BCSE,5,No,No,5,3,Offline,No,Yes,2,Intermediate,97,Yes,No,Yes,Software Development,4,Software,Single,No,Bachelor,No,0.0,No,2.31,46,50000,2.31,15,9,0.3921568627450981
2021,Female,20,2020,BCSE,5,No,Yes,2,3,Offline,Yes,Yes,3,Basic,80,No,No,No,Programming,3,Software,Single,No,Family,Yes,1.75,Yes,2.51,50,50000,0.7599999999999998,6,5,1.4285714285714286
2020,Female,22,2019,BCSE,8,No,No,4,2,Offline,Yes,No,4,Intermediate,90,No,No,Yes,Web development,2,Machine Learning,Single,No,Family,No,2.68,No,3.15,88,10000,0.46999999999999975,8,6,0.9756097560975611
2020,Male,22,2018,BCSE,8,No,No,2,2,Offline,Yes,Yes,4,Intermediate,90,Yes,No,No,Nothing,0,Artificial Intelligence,Single,No,Bachelor,No,2.68,No,3.15,88,50000,0.46999999999999975,4,2,1.9047619047619047
2022,Female,22,2019,BCSE,2,Yes,No,3,2,Online,Yes,Yes,0,Basic,92,No,Yes,Yes,Nothing specially,3,Entrepreneur,Single,No,Family,No,2.68,No,3.15,11,100000,0.46999999999999975,6,6,0.0
2019,Female,21,2018,BCSE,8,No,No,6,3,Online,Yes,Yes,2,Intermediate,100,No,No,No,Networking,1,Artificial Intelligence,Single,Yes,Bachelor,Yes,2.68,No,3.15,88,30000,0.46999999999999975,18,7,0.3278688524590164
2020,Female,21,2019,BCSE,8,Yes,Yes,2,1,Offline,Yes,Yes,4,Basic,88,No,No,No,Programming,3,Software,Single,No,Family,No,2.68,No,3.15,88,40000,0.46999999999999975,2,5,1.9047619047619047
2022,Male,19,2020,BCSE,1,Yes,Yes,1,1,Offline,Yes,Yes,6,Intermediate,95,No,No,No,Programming,1,Software,Single,Yes,Family,No,2.68,No,3.15,0,50000,0.46999999999999975,1,2,5.454545454545454
2020,Female,20,2018,BCSE,8,No,No,3,2,Offline,Yes,Yes,2,Advance,98,No,No,Yes,Programming,2,Hardware,Single,No,Family,No,2.6,No,2.81,75,500000,0.20999999999999996,6,5,0.6451612903225806
2021,Male,20,2020,BCSE,4,Yes,No,7,2,Offline,Yes,Yes,1,Intermediate,90,No,No,No,Web development,9,NETWORKING,Relationship,No,Bachelor,No,3.33,No,3.5,33,40000,0.16999999999999993,14,16,0.14084507042253522
2021,Male,24,2017,BCSE,4,No,No,3,2,Offline,Yes,Yes,2,Intermediate,90,No,No,No,Programming,2,Software,Relationship,Yes,Bachelor,No,4.0,No,3.92,34,40000,-0.08000000000000007,6,5,0.6451612903225806
2021,Male,22,2020,BCSE,2,Yes,Yes,6,3,Offline,Yes,Yes,2,Basic,100,No,No,Yes,Cyber security,3,NETWORKING,Single,Yes,Family,No,3.25,No,3.25,11,30000,0.0,18,9,0.3278688524590164
2019,Male,22,2018,BCSE,11,Yes,No,1,1,Offline,Yes,Yes,1,Basic,100,No,No,Yes,Cyber security,2,Software,Single,Yes,Family,No,3.46,No,3.1,102,40000,-0.3599999999999999,1,3,0.9090909090909091
2022,Male,19,2020,BCSE,2,Yes,No,1,2,Offline,Yes,Yes,2,Intermediate,85,No,No,No,Programming,1,Software,Single,No,Bachelor,No,3.73,No,3.73,11,20000,0.0,2,2,1.8181818181818181
2014,Male,26,2014,BCSE,22,No,Yes,3,2,Online,Yes,Yes,1,Basic,100,Yes,No,Yes,Cyber security,5,NETWORKING,Single,No,Family,No,2.0,No,2.0,80,25000,0.0,6,8,0.3225806451612903
2019,Male,25,2017,BCSE,11,Yes,Yes,2,1,Offline,Yes,Yes,5,Intermediate,80,No,No,Yes,Basic,2,Software,Single,Yes,Bachelor,No,3.78,No,3.56,132,20000,-0.21999999999999975,2,4,2.380952380952381
2017,Male,24,2015,BCSE,15,Yes,Yes,6,4,Offline,Yes,Yes,1,Intermediate,100,No,No,Yes,Programming,2,Software,Single,Yes,Family,No,3.42,No,3.02,136,50000,-0.3999999999999999,24,8,0.1639344262295082
2018,Female,21,2017,BCSE,14,No,No,4,5,Online,Yes,Yes,5,Advance,95,Yes,No,Yes,Programming,1,Software,Single,No,Bachelor,Yes,3.5,No,3.2,122,15000,-0.2999999999999998,20,5,1.2195121951219514
2022,Male,21,2020,BCSE,2,Yes,No,2,1,Offline,Yes,Yes,3,Intermediate,90,No,No,Yes,Programming,2,Software,Single,Yes,Bachelor,No,3.26,No,3.26,11,22000,0.0,2,4,1.4285714285714286
2022,Female,21,2020,BCSE,2,Yes,Yes,2,2,Offline,Yes,Yes,2,Basic,70,Yes,No,No,Cyber security,1,Artificial Intelligence,Single,No,Family,No,3.9,No,3.8,12,25000,-0.10000000000000009,4,3,0.9523809523809523
2019,Female,21,2018,BCSE,9,Yes,Yes,2,1,Online,Yes,Yes,5,Intermediate,95,No,No,No,Programming,1,Software,Single,No,Family,No,3.7,No,3.68,105,50000,-0.020000000000000018,2,3,2.380952380952381
2019,Female,22,2018,BCSE,11,No,No,3,2,Offline,Yes,Yes,3,Intermediate,100,No,No,No,Web development,2,Software,Single,No,Bachelor,No,3.82,No,3.65,78,30000,-0.16999999999999993,6,5,0.9677419354838709
2019,Female,21,2018,BCSE,11,Yes,No,5,2,Offline,Yes,Yes,5,Advance,99,No,No,No,Web development,2,Machine Learning,Single,Yes,Family,No,3.85,No,3.72,126,100000,-0.1299999999999999,10,7,0.9803921568627452
2016,Male,24,2016,BCSE,18,No,Yes,2,2,Offline,Yes,Yes,3,Advance,95,Yes,No,Yes,Programming,3,Software,Married,Yes,Bachelor,No,3.1,No,2.84,133,20000,-0.26000000000000023,4,5,1.4285714285714286
2022,Female,20,2020,BCSE,2,Yes,No,2,2,Online,Yes,No,6,Intermediate,90,No,No,Yes,Networking,0,Software,Single,No,Bachelor,No,2.67,No,2.67,12,35000,0.0,4,2,2.857142857142857
2019,Female,23,2017,BCSE,9,No,Yes,3,2,Offline,Yes,Yes,1,Intermediate,80,No,No,No,Web development,1,Machine Learning,Single,No,Bachelor,No,3.82,No,3.6,84,30000,-0.21999999999999975,6,4,0.3225806451612903
2022,Male,20,2020,BCSE,2,Yes,Yes,4,3,Offline,Yes,Yes,2,Basic,100,No,No,No,Programming,2,Software,Single,Yes,Family,No,3.72,No,3.72,11,40000,0.0,12,6,0.48780487804878053
2019,Female,21,2018,BCSE,10,No,Yes,2,1,Offline,Yes,Yes,2,Intermediate,90,No,No,Yes,Programming,1,Artificial Intelligence,Single,No,Family,No,3.51,No,3.56,125,40000,0.050000000000000266,2,3,0.9523809523809523
2020,Male,22,2018,BCSE,8,No,No,8,7,Online,Yes,No,4,Intermediate,90,No,No,Yes,Web development,5,Software,Single,No,Bachelor,Yes,3.48,No,3.35,75,40000,-0.1299999999999999,56,13,0.4938271604938272
2019,Male,22,2018,BCSE,11,No,No,3,2,Offline,Yes,Yes,20,Basic,90,No,No,Yes,Software Development,1,Machine Learning,Single,No,Bachelor,No,2.65,No,2.99,121,50000,0.3400000000000003,6,4,6.451612903225806
2019,Male,22,2018,BCSE,11,No,Yes,6,3,Online,Yes,Yes,2,Intermediate,100,No,No,Yes,Web development,5,Software,Relationship,Yes,Bachelor,No,3.72,No,3.42,131,62488,-0.30000000000000027,18,11,0.3278688524590164
2021,Male,23,2018,BCSE,2,Yes,No,3,2,Online,Yes,No,3,Basic,85,Yes,No,Yes,Programming,1,Software,Single,No,Bachelor,No,1.96,No,1.96,11,62488,0.0,6,4,0.9677419354838709
2019,Female,23,2017,BCSE,10,Yes,Yes,2,2,Offline,Yes,Yes,1,Advance,95,No,No,Yes,Networking,2,NETWORKING,Married,Yes,Family,No,3.38,No,3.6,120,50000,0.2200000000000002,4,4,0.47619047619047616
2018,Male,23,2017,BCSE,14,No,Yes,7,2,Online,Yes,Yes,2,Intermediate,80,Yes,No,No,Web development,2,Software,Relationship,Yes,Family,No,2.8,No,2.8,130,18000,0.0,14,9,0.28169014084507044
2019,Female,21,2018,BCSE,9,No,No,5,2,Online,Yes,Yes,4,Intermediate,100,No,No,Yes,Web development,2,Web development,Single,No,Family,Yes,3.36,No,3.59,100,40000,0.22999999999999998,10,7,0.7843137254901962
2020,Male,22,2028,BCSE,8,No,No,2,2,Offline,Yes,Yes,4,Intermediate,85,No,No,Yes,Software Development,1,Software,Single,No,Bachelor,No,3.33,No,3.1,80,62488,-0.22999999999999998,4,3,1.9047619047619047
2017,Male,25,2016,BCSE,15,No,No,1,1,Online,Yes,Yes,2,Intermediate,90,Yes,No,Yes,"Networking, MIS",2,Hardware,Single,Yes,Family,Yes,2.11,Yes,2.54,126,80000,0.43000000000000016,1,3,1.8181818181818181
2021,Male,21,2020,BCSE,4,No,No,1,1,Offline,Yes,Yes,6,Basic,52,No,No,Yes,Programming,1,Software,Single,No,Family,Yes,2.83,No,3.05,37,20000,0.21999999999999975,1,2,5.454545454545454
2021,Male,21,2019,BCSE,4,Yes,Yes,3,2,Online,Yes,Yes,4,Intermediate,88,Yes,No,No,Programming,2,Software,Single,Yes,Family,No,2.2,No,2.2,30,62488,0.0,6,5,1.2903225806451613
2019,Male,23,2018,BCSE,11,No,Yes,6,3,Offline,Yes,Yes,6,Intermediate,98,No,No,Yes,Web development,3,Software,Single,Yes,Family,No,3.2,No,3.22,110,50000,0.020000000000000018,18,9,0.9836065573770493
2019,Male,26,2014,BCSE,10,No,No,4,2,Offline,Yes,Yes,1,Intermediate,70,Yes,No,Yes,Web development,2,Software,Single,Yes,Bachelor,No,2.81,No,3.2,104,12000,0.3900000000000001,8,6,0.24390243902439027
2022,Male,20,2020,BCSE,2,No,No,5,3,Offline,No,Yes,2,Basic,100,No,No,No,Programming,5,Software,Single,Yes,Bachelor,No,3.48,No,3.48,11,20000,0.0,15,10,0.3921568627450981
2022,Female,20,2020,BCSE,2,Yes,No,5,1,Offline,Yes,Yes,6,Intermediate,90,No,No,No,Programming,5,Software,Single,No,Family,Yes,4.0,No,0.0,11,50000,-4.0,5,10,1.1764705882352942
2022,Male,20,2020,BCSE,1,Yes,Yes,2,7,Offline,Yes,Yes,6,Basic,100,Yes,No,No,Web development,4,Software,Single,No,Family,No,4.0,No,4.0,14,62488,0.0,14,6,2.857142857142857
2019,Male,23,2017,BCSE,9,Yes,Yes,4,2,Offline,Yes,Yes,6,Intermediate,90,No,No,No,Web development,1,Machine Learning,Single,No,Bachelor,No,3.7,No,3.5,89,50000,-0.20000000000000018,8,5,1.4634146341463417
2022,Male,20,2020,BCSE,1,Yes,Yes,3,1,Offline,Yes,No,6,Basic,100,No,No,Yes,Programming,0,Software,Relationship,Yes,Family,No,0.0,No,0.0,11,25000,0.0,3,3,1.9354838709677418
2022,Female,21,2019,BCSE,2,Yes,Yes,4,3,Offline,Yes,Yes,5,Intermediate,90,No,No,No,Software Development,3,Software,Single,No,Family,No,3.68,No,0.0,11,25000,-3.68,12,7,1.2195121951219514
2022,Male,21,2020,BCSE,1,Yes,No,5,2,Offline,Yes,Yes,2,Intermediate,95,No,No,No,Programming,2,Software,Single,No,Bachelor,No,3.3,No,3.3,11,50000,0.0,10,7,0.3921568627450981
2018,Male,22,2016,BCSE,12,No,No,4,2,Online,Yes,Yes,2,Intermediate,88,No,No,Yes,Cyber security,6,Hardware,Single,Yes,Bachelor,No,3.85,No,3.1,115,62488,-0.75,8,10,0.48780487804878053
2019,Male,21,2018,BCSE,11,Yes,No,2,2,Online,Yes,Yes,3,Intermediate,90,No,No,Yes,Web development,5,Software,Single,No,Bachelor,No,4.0,No,3.78,120,50000,-0.2200000000000002,4,7,1.4285714285714286
2018,Female,24,2018,BCSE,12,No,No,4,2,Offline,Yes,Yes,1,Intermediate,97,No,No,No,Web development,2,Machine Learning,Single,Yes,Family,No,2.98,No,2.91,136,20000,-0.06999999999999984,8,6,0.24390243902439027
2020,Female,22,2018,BCSE,8,Yes,Yes,5,3,Offline,Yes,Yes,15,Advance,100,No,No,No,Web development,4,Hardware,Single,Yes,Family,No,3.64,No,3.75,88,34000,0.10999999999999988,15,9,2.9411764705882355
2022,Female,19,2020,BCSE,2,Yes,No,6,5,Offline,Yes,Yes,1,Intermediate,95,No,No,No,Programming,2,Software,Single,No,Bachelor,No,3.56,No,3.58,11,10000,0.020000000000000018,30,8,0.1639344262295082
2019,Male,23,2018,BCSE,11,No,Yes,1,1,Offline,Yes,Yes,2,Advance,65,No,No,Yes,Digital Marketing,1,Hardware,Relationship,No,Family,No,1.68,No,3.1,120,30000,1.4200000000000002,1,2,1.8181818181818181
2022,Male,20,2020,BCSE,2,No,Yes,3,3,Online,Yes,Yes,5,Basic,80,No,No,No,Programming,2,NETWORKING,Single,No,Bachelor,No,2.54,No,2.54,11,40000,0.0,9,5,1.6129032258064515
2022,Male,20,2020,BCSE,2,No,No,7,3,Offline,Yes,Yes,1,Basic,95,No,No,No,Programming,1,Software,Single,No,Bachelor,No,3.9,No,3.9,11,50000,0.0,21,8,0.14084507042253522
2019,Female,22,2019,BCSE,9,Yes,Yes,6,3,Offline,Yes,Yes,3,Basic,90,No,No,Yes,Networking,1,NETWORKING,Single,No,Family,No,3.84,No,3.77,99,60000,-0.06999999999999984,18,7,0.49180327868852464
2019,Male,22,2018,BCSE,10,Yes,Yes,1,2,Offline,Yes,Yes,1,Intermediate,70,No,No,Yes,Web development,6,Software,Single,Yes,Bachelor,Yes,3.68,No,3.39,117,16000,-0.29000000000000004,2,7,0.9090909090909091
2018,Female,23,2016,BCSE,9,Yes,Yes,2,1,Offline,Yes,Yes,2,Advance,95,No,No,No,Web development,2,Machine Learning,Single,No,Family,No,3.14,No,3.14,101,40000,0.0,2,4,0.9523809523809523
2019,Male,23,2018,BCSE,11,No,No,4,2,Offline,Yes,Yes,4,Intermediate,95,No,No,Yes,Programming,1,NETWORKING,Single,No,Bachelor,No,3.69,No,3.23,125,30000,-0.45999999999999996,8,5,0.9756097560975611
2017,Male,26,2014,BCSE,17,No,No,3,2,Online,Yes,Yes,1,Intermediate,95,No,No,Yes,Web development,6,Software,Single,No,Bachelor,No,2.73,No,3.08,110,25000,0.3500000000000001,6,9,0.3225806451612903
2019,Male,24,2018,BCSE,11,No,No,2,2,Online,Yes,Yes,1,Intermediate,80,No,No,No,Web development,4,Software,Single,No,Bachelor,No,3.48,No,3.0,123,62488,-0.48,4,6,0.47619047619047616
2022,Male,20,2020,BCSE,2,Yes,Yes,5,2,Online,Yes,Yes,12,Intermediate,75,No,No,Yes,Programming,2,Software,Single,Yes,Family,No,2.61,No,2.61,11,40000,0.0,10,7,2.3529411764705883
2022,Female,19,2020,BCSE,1,No,No,7,2,Offline,Yes,Yes,2,Intermediate,100,No,No,Yes,Web development,2,Software,Single,Yes,Bachelor,No,0.0,No,0.0,0,70000,0.0,14,9,0.28169014084507044
2018,Male,23,2018,BCSE,12,No,No,1,1,Offline,Yes,Yes,2,Intermediate,88,Yes,No,Yes,Web development,1,Software,Single,Yes,Bachelor,No,2.8,No,2.68,84,50000,-0.11999999999999966,1,2,1.8181818181818181
2020,Male,23,2019,BCSE,7,No,No,1,3,Offline,Yes,Yes,1,Basic,90,Yes,No,Yes,Programming,2,Software,Single,No,Bachelor,No,1.52,No,2.15,70,36000,0.6299999999999999,3,3,0.9090909090909091
2020,Male,22,2019,BCSE,8,No,No,2,1,Offline,Yes,Yes,3,Intermediate,85,No,No,Yes,Web development,3,Software,Single,Yes,Bachelor,No,3.12,No,3.08,83,30000,-0.040000000000000036,2,5,1.4285714285714286
2018,Male,24,2017,BCSE,12,No,No,5,2,Offline,Yes,Yes,1,Intermediate,90,No,No,Yes,Networking,3,NETWORKING,Relationship,No,Family,No,3.68,No,3.33,118,20000,-0.3500000000000001,10,8,0.19607843137254904
2019,Male,24,2018,BCSE,11,Yes,No,4,2,Online,Yes,No,1,Intermediate,85,Yes,Yes,Yes,"Programming, Networking",1,NETWORKING,Single,No,Family,No,2.25,No,2.64,103,20000,0.3900000000000001,8,5,0.24390243902439027
2019,Male,22,2018,BCSE,11,Yes,No,1,2,Online,Yes,Yes,1,Intermediate,90,No,No,Yes,Web development,1,Software,Relationship,No,Family,No,3.5,No,3.43,126,100000,-0.06999999999999984,2,2,0.9090909090909091
2022,Female,20,2020,BCSE,1,Yes,Yes,6,2,Offline,No,No,1,Basic,100,No,No,Yes,Programming,3,Software,Single,No,Family,No,0.0,No,0.0,0,50000,0.0,12,9,0.1639344262295082
2020,Male,19,2019,BCSE,8,Yes,No,2,1,Online,Yes,Yes,1,Basic,90,No,No,No,Web development,2,Software,Single,No,Bachelor,No,3.36,No,3.72,88,20000,0.3600000000000003,2,4,0.47619047619047616
2022,Male,20,2020,BCSE,2,Yes,No,1,1,Offline,Yes,Yes,4,Intermediate,99,No,No,No,Programming,2,Software,Single,No,Family,No,3.83,No,3.83,11,35000,0.0,1,3,3.6363636363636362
2019,Male,22,2018,BCSE,10,No,Yes,4,2,Online,Yes,Yes,1,Intermediate,90,No,No,Yes,Web development,4,Software,Single,No,Family,No,1.98,No,2.98,104,25000,1.0,8,8,0.24390243902439027
2021,Female,19,2020,BCSE,2,No,Yes,3,2,Offline,Yes,Yes,2,Intermediate,98,No,No,No,Programming,2,Software,Single,No,Family,Yes,3.37,Yes,3.37,11,62488,0.0,6,5,0.6451612903225806
2022,Male,21,2021,BCSE,1,Yes,Yes,3,2,Online,Yes,Yes,3,Advance,88,No,No,Yes,Networking,1,Software,Single,Yes,Family,No,3.15,No,3.15,11,62488,0.0,6,4,0.9677419354838709
2022,Male,19,2020,BCSE,1,Yes,No,5,3,Offline,Yes,No,3,Basic,88,No,No,No,Programming,2,Software,Single,No,Family,No,0.0,No,0.0,0,30000,0.0,15,7,0.5882352941176471
2022,Male,20,2021,BCSE,1,Yes,Yes,1,1,Offline,Yes,Yes,1,Intermediate,100,No,No,No,Networking,2,Software,Single,Yes,Family,No,0.0,No,0.0,0,150000,0.0,1,3,0.9090909090909091
2022,Female,20,2020,BCSE,1,Yes,No,4,2,Offline,Yes,Yes,3,Intermediate,98,No,No,Yes,Networking,2,NETWORKING,Single,Yes,Family,No,0.0,No,0.0,0,50000,0.0,8,6,0.7317073170731708
2017,Female,23,2016,BCSE,14,No,No,3,2,Online,Yes,Yes,3,Basic,90,No,No,Yes,Software Development,2,Software,Married,No,Family,No,2.79,No,2.84,133,30000,0.04999999999999982,6,5,0.9677419354838709
2021,Male,21,2019,BCSE,3,Yes,No,5,3,Offline,Yes,Yes,2,Intermediate,95,No,No,Yes,Programming,1,Software,Single,Yes,Bachelor,No,3.52,No,3.65,23,62488,0.1299999999999999,15,6,0.3921568627450981
2021,Male,21,2020,BCSE,3,Yes,Yes,1,2,Online,Yes,Yes,2,Intermediate,90,No,No,Yes,Web development,1,Hardware,Single,No,Family,No,3.85,No,3.79,35,35000,-0.06000000000000005,2,2,1.8181818181818181
2019,Female,23,2018,BCSE,11,Yes,No,4,2,Online,Yes,Yes,5,Advance,70,Yes,No,No,Cyber security,2,UI/UX,Married,Yes,Bachelor,Yes,3.01,No,2.89,120,90000,-0.11999999999999966,8,6,1.2195121951219514
2021,Female,20,2020,BCSE,3,Yes,No,3,2,Offline,Yes,Yes,2,Advance,90,No,No,Yes,Programming,3,NETWORKING,Relationship,No,Family,No,3.18,No,3.18,24,80000,0.0,6,6,0.6451612903225806
2021,Male,19,2020,BCSE,3,Yes,Yes,5,2,Offline,Yes,Yes,5,Intermediate,100,No,No,Yes,Web development,3,Software,Single,Yes,Bachelor,No,3.72,No,3.89,26,60000,0.16999999999999993,10,8,0.9803921568627452
2021,Female,21,2020,BCSE,5,Yes,Yes,3,2,Online,Yes,No,10,Intermediate,70,No,No,Yes,Programming,3,Software,Single,No,Family,Yes,2.8,No,2.9,40,500000,0.10000000000000009,6,6,3.225806451612903
2021,Male,21,2020,BCSE,3,Yes,No,2,2,Online,Yes,Yes,3,Basic,90,No,No,Yes,Programming,1,Software,Single,No,Family,No,3.42,No,3.56,23,50000,0.14000000000000012,4,3,1.4285714285714286
2021,Male,20,2020,BCSE,4,Yes,No,3,2,Offline,Yes,Yes,3,Basic,85,No,No,No,Programming,2,Software,Single,No,Bachelor,No,2.49,No,3.03,25,40000,0.5399999999999996,6,5,0.9677419354838709
2021,Female,19,2020,BCSE,3,No,Yes,2,1,Offline,Yes,Yes,3,Intermediate,95,No,No,Yes,Programming,1,Software,Single,No,Family,No,2.68,No,3.15,23,100000,0.46999999999999975,2,3,1.4285714285714286
2021,Female,22,2017,BCSE,5,Yes,Yes,3,2,Offline,Yes,Yes,2,Intermediate,90,No,No,Yes,Programming,1,Software,Single,No,Family,Yes,3.86,No,3.67,49,20000,-0.18999999999999995,6,4,0.6451612903225806
2022,Male,20,2020,BCSE,1,Yes,Yes,3,1,Offline,Yes,Yes,1,Advance,100,No,No,Yes,Programming,1,Software,Single,No,Family,No,0.0,No,0.0,0,30000,0.0,3,4,0.3225806451612903
2021,Male,21,2020,BCSE,5,Yes,Yes,6,3,Online,Yes,Yes,2,Intermediate,90,No,No,No,Programming,3,Software,Single,Yes,Family,No,3.82,No,3.7,55,50000,-0.11999999999999966,18,9,0.3278688524590164
2021,Male,21,2019,BCSE,3,Yes,No,2,1,Online,Yes,Yes,2,Intermediate,75,No,No,Yes,Programming,1,Software,Single,No,Family,No,3.58,No,3.1,23,40000,-0.48,2,3,0.9523809523809523
2021,Male,21,2020,BCSE,5,No,No,5,2,Offline,Yes,Yes,2,Intermediate,98,No,No,Yes,Programming,2,Software,Single,No,Bachelor,No,2.57,No,2.8,45,30000,0.22999999999999998,10,7,0.3921568627450981
2021,Male,22,2020,BCSE,3,Yes,No,5,2,Offline,Yes,Yes,2,Advance,95,No,No,Yes,"Programming, Mentoring",3,Software,Single,Yes,Bachelor,Yes,3.86,No,3.92,23,40000,0.06000000000000005,10,8,0.3921568627450981
2022,Male,22,2019,BCSE,2,No,No,3,1,Offline,Yes,Yes,3,Intermediate,80,No,No,Yes,Programming,1,Software,Single,Yes,Bachelor,No,4.0,No,4.0,11,40000,0.0,3,4,0.9677419354838709
2022,Female,20,2021,BCSE,1,Yes,Yes,1,2,Offline,Yes,Yes,7,Intermediate,80,No,No,No,Not yet,0,Artificial Intelligence,Single,Yes,Family,No,0.0,No,0.0,0,60000,0.0,2,1,6.363636363636363
2020,Male,23,2018,BCSE,6,No,No,1,2,Online,Yes,Yes,2,Intermediate,90,Yes,No,No,Programming,1,Software,Single,Yes,Bachelor,No,3.1,No,3.4,65,40000,0.2999999999999998,2,2,1.8181818181818181
2022,Female,21,2020,BCSE,1,No,No,6,3,Offline,Yes,Yes,4,Advance,100,No,No,Yes,Programming,3,Software,Single,Yes,Bachelor,No,0.0,No,0.0,0,40000,0.0,18,9,0.6557377049180328
2021,Male,20,2020,BCSE,3,Yes,No,1,2,Offline,Yes,Yes,1,Basic,95,No,No,Yes,Programming,2,Software,Single,No,Family,Yes,3.68,No,3.65,24,45000,-0.03000000000000025,2,3,0.9090909090909091
2022,Female,21,2020,BCSE,2,Yes,Yes,7,2,Offline,Yes,Yes,3,Basic,2,No,No,Yes,Programming,0,Software,Single,No,Family,No,3.4,No,3.4,11,40000,0.0,14,7,0.4225352112676057
2022,Male,19,2020,BCSE,1,Yes,No,8,2,Offline,Yes,Yes,2,Basic,100,No,No,Yes,Data entry,1,Software,Single,Yes,Bachelor,No,0.0,No,0.0,0,10000,0.0,16,9,0.2469135802469136
2021,Male,20,2020,BCSE,3,Yes,Yes,3,2,Offline,Yes,Yes,2,Advance,70,No,No,Yes,Programming,3,Software,Single,No,Family,Yes,2.45,No,2.95,25,50000,0.5,6,6,0.6451612903225806
2015,Female,25,2015,BCSE,14,No,Yes,2,1,Offline,Yes,Yes,3,Intermediate,80,Yes,No,Yes,Software Development,1,Software,Married,No,Family,No,2.4,No,2.89,130,62488,0.4900000000000002,2,3,1.4285714285714286
2021,Female,20,2020,BCSE,3,Yes,Yes,4,3,Offline,Yes,Yes,1,Intermediate,99,No,No,Yes,Programming,3,Software,Married,Yes,Family,No,3.47,No,3.2,23,50000,-0.27,12,7,0.24390243902439027
2019,Male,21,2018,BCSE,11,No,Yes,2,1,Offline,Yes,Yes,1,Intermediate,87,No,No,No,Web development,1,Software,Single,No,Bachelor,No,2.53,No,3.05,115,37000,0.52,2,3,0.47619047619047616
2021,Female,23,2019,BCSE,3,Yes,Yes,1,1,Offline,Yes,No,3,Basic,50,Yes,No,Yes,Photographey,1,Software,Single,Yes,Family,Yes,2.56,No,2.72,26,45000,0.16000000000000014,1,2,2.727272727272727
2022,Female,19,2020,BCSE,1,No,No,4,2,Offline,Yes,Yes,3,Intermediate,100,No,No,No,Don't have any,1,Software,Single,Yes,Family,No,0.0,No,0.0,0,100000,0.0,8,5,0.7317073170731708
2020,Male,20,2019,BCSE,7,No,No,2,1,Online,Yes,Yes,1,Basic,80,Yes,No,No,I do not know this,1,Hardware,Single,Yes,Family,No,2.36,No,2.56,65,35000,0.20000000000000018,2,3,0.47619047619047616
2022,Female,20,2020,BCSE,1,No,No,2,1,Offline,No,Yes,1,Basic,100,No,No,Yes,Nothing in this chart,1,Syber Security,Married,Yes,Bachelor,No,0.0,No,0.0,0,400006,0.0,2,3,0.47619047619047616
2022,Male,21,2020,BCSE,1,Yes,Yes,1,1,Online,Yes,Yes,2,Intermediate,100,No,No,No,Not Any,0,Software,Single,Yes,Family,No,0.0,No,0.0,0,70000,0.0,1,1,1.8181818181818181
2022,Male,22,2020,BCSE,1,Yes,Yes,4,1,Offline,Yes,Yes,2,Basic,100,Yes,Yes,Yes,Programming,2,Software,Single,No,Bachelor,No,2.68,Yes,3.15,11,20000,0.46999999999999975,4,6,0.48780487804878053
2021,Female,20,2020,BCSE,3,Yes,Yes,2,2,Online,Yes,Yes,1,Intermediate,90,No,No,Yes,Programming,1,NETWORKING,Single,No,Bachelor,No,3.19,Yes,2.73,24,40000,-0.45999999999999996,4,3,0.47619047619047616
2019,Male,21,2019,BCSE,3,No,No,2,2,Online,Yes,Yes,1,Basic,88,Yes,Yes,Yes,no skills,1,Software,Single,No,Bachelor,Yes,2.11,Yes,2.13,25,30000,0.020000000000000018,4,3,0.47619047619047616
2019,Female,22,2018,BCSE,11,No,Yes,6,3,Offline,Yes,Yes,2,Basic,98,No,No,No,Programming,2,Machine Learning,Single,No,Family,No,3.1,No,3.07,107,60000,-0.03000000000000025,18,8,0.3278688524590164
2021,Male,21,2020,BCSE,3,Yes,No,4,2,Offline,Yes,Yes,5,Intermediate,95,No,No,No,Programming,2,Software,Single,Yes,Bachelor,No,3.28,No,3.0,25,70000,-0.2799999999999998,8,6,1.2195121951219514
2022,Female,21,2020,BCSE,1,Yes,Yes,1,2,Offline,Yes,Yes,2,Basic,100,No,No,No,Programming,0,Software,Single,No,Family,No,3.15,No,3.15,11,35000,0.0,2,1,1.8181818181818181
2022,Male,20,2020,BCSE,2,Yes,No,5,2,Offline,Yes,Yes,3,Basic,90,No,No,Yes,Programming,1,Software,Single,Yes,Bachelor,No,3.6,No,3.6,14,10000,0.0,10,6,0.5882352941176471
2021,Female,21,2019,BCSE,3,Yes,No,3,1,Offline,Yes,Yes,1,Intermediate,90,No,No,Yes,Web development,2,NETWORKING,Single,No,Bachelor,No,3.75,No,3.7,24,50000,-0.04999999999999982,3,5,0.3225806451612903
2021,Male,20,2020,BCSE,4,No,No,1,1,Online,Yes,Yes,3,Intermediate,90,No,No,No,Web development,2,Software,Single,Yes,Family,No,3.85,No,3.92,34,40000,0.06999999999999984,1,3,2.727272727272727
2021,Female,20,2019,BCSE,4,Yes,Yes,3,3,Offline,Yes,Yes,2,Basic,90,No,No,No,Programming,2,Machine Learning,Single,No,Family,No,2.68,No,2.68,23,100000,0.0,9,5,0.6451612903225806
2021,Female,21,2020,BCSE,2,Yes,No,3,2,Online,Yes,Yes,1,Intermediate,99,No,No,Yes,Programming,3,Software,Single,No,Bachelor,No,3.18,No,3.18,11,62488,0.0,6,6,0.3225806451612903
2019,Female,24,2018,BCSE,11,Yes,No,2,1,Offline,Yes,Yes,1,Intermediate,90,No,No,Yes,Web development,2,Data Science,Married,No,Family,No,3.39,No,3.4,128,5000,0.009999999999999787,2,4,0.47619047619047616
2021,Female,20,2020,BCSE,4,No,No,4,1,Online,Yes,Yes,4,Intermediate,100,No,No,Yes,Programming,2,Software,Single,No,Bachelor,Yes,2.98,No,3.38,25,60000,0.3999999999999999,4,6,0.9756097560975611
2021,Female,21,2020,BCSE,2,No,No,9,2,Offline,Yes,Yes,3,Intermediate,97,Yes,No,No,Programming,5,Software,Single,No,Family,No,3.7,No,3.15,23,50000,-0.5500000000000003,18,14,0.32967032967032966
2018,Female,23,2017,BCSE,14,No,Yes,1,2,Offline,Yes,Yes,2,Advance,80,Yes,No,Yes,Programming,2,Machine Learning,Married,No,Family,No,3.25,No,2.95,130,40000,-0.2999999999999998,2,3,1.8181818181818181
2021,Male,19,2020,BCSE,3,No,Yes,2,1,Online,Yes,Yes,3,Basic,85,No,No,No,Programming,1,Software,Single,No,Family,No,3.03,No,3.21,25,30000,0.18000000000000016,2,3,1.4285714285714286
2021,Female,22,2020,BCSE,5,No,No,2,2,Offline,Yes,Yes,3,Intermediate,95,No,No,No,Programming,1,Software,Single,No,Bachelor,No,3.1,No,3.18,48,50000,0.08000000000000007,4,3,1.4285714285714286
2022,Female,21,2020,BCSE,2,Yes,Yes,2,1,Offline,Yes,Yes,3,Intermediate,98,No,No,Yes,Programming,1,Software,Single,No,Family,No,3.7,No,3.7,12,120000,0.0,2,3,1.4285714285714286
2022,Male,21,2020,BCSE,2,Yes,Yes,9,2,Offline,Yes,Yes,6,Intermediate,70,Yes,No,Yes,Programming,4,Software,Single,Yes,Family,No,4.0,No,4.0,12,30000,0.0,18,13,0.6593406593406593
2021,Male,19,2020,BCSE,3,Yes,Yes,1,1,Offline,Yes,Yes,2,Intermediate,85,No,No,Yes,Programming,1,Software,Single,Yes,Bachelor,No,3.18,No,3.45,23,62488,0.27,1,2,1.8181818181818181
2021,Female,19,2020,BCSE,3,Yes,Yes,2,2,Offline,Yes,Yes,3,Basic,100,No,No,Yes,Programming,2,Software,Single,No,Family,No,3.61,No,3.74,25,40000,0.13000000000000034,4,4,1.4285714285714286
2021,Male,22,2017,BCSE,3,Yes,No,2,1,Online,Yes,Yes,0,Intermediate,70,No,No,No,Programming,1,Software,Single,No,Family,No,3.01,No,3.22,23,70000,0.2100000000000004,2,3,0.0
2021,Female,21,2020,BCSE,3,No,Yes,2,2,Offline,Yes,Yes,5,Basic,80,No,No,No,Programming,2,Software,Single,No,Family,Yes,3.26,No,3.36,23,40000,0.10000000000000009,4,4,2.380952380952381
2016,Male,25,2016,BCSE,19,Yes,No,1,1,Offline,Yes,Yes,2,Intermediate,100,No,No,No,Web development,2,Software,Single,Yes,Bachelor,No,3.6,No,3.72,130,300000,0.1200000000000001,1,3,1.8181818181818181
2021,Male,20,2019,BCSE,3,No,No,2,3,Offline,Yes,Yes,5,Basic,100,No,No,No,Programming,3,Artificial Intelligence,Single,No,Bachelor,Yes,3.12,No,3.01,23,50000,-0.11000000000000032,6,5,2.380952380952381
2022,Female,20,2020,BCSE,1,Yes,No,4,3,Offline,Yes,Yes,2,Basic,100,No,No,Yes,Software Development,2,Software,Single,Yes,Bachelor,No,3.93,No,3.93,11,50000,0.0,12,6,0.48780487804878053
2021,Male,20,2020,BCSE,3,Yes,No,5,3,Online,Yes,Yes,6,Advance,95,Yes,No,No,Programming,1,Software,Single,Yes,Bachelor,No,3.0,No,3.55,23,150000,0.5499999999999998,15,6,1.1764705882352942
2019,Male,24,2018,BCSE,9,No,No,1,2,Online,Yes,Yes,3,Basic,70,Yes,No,Yes,Web development,1,Hardware,Single,Yes,Family,No,1.61,No,2.44,40,25000,0.8299999999999998,2,2,2.727272727272727
2020,Male,22,2018,BCSE,6,Yes,Yes,1,1,Online,Yes,Yes,3,Basic,80,No,No,No,Web development,1,Software,Single,No,Family,No,2.79,No,3.15,50,40000,0.3599999999999999,1,2,2.727272727272727
2021,Female,22,2020,BCSE,4,No,No,2,1,Offline,Yes,No,3,Intermediate,98,No,No,No,Programming,2,Software,Single,No,Bachelor,No,3.83,No,3.4,25,40000,-0.43000000000000016,2,4,1.4285714285714286
2018,Male,26,2018,BCSE,12,Yes,Yes,3,1,Online,Yes,Yes,2,Advance,100,No,No,Yes,Web development,3,Hardware,Single,No,Family,No,3.58,No,3.27,130,62488,-0.31000000000000005,3,6,0.6451612903225806
2021,Female,21,2020,BCSE,3,Yes,Yes,3,1,Offline,Yes,Yes,4,Basic,100,No,No,Yes,Web development,2,NETWORKING,Single,No,Family,No,3.39,No,3.19,25,70000,-0.20000000000000018,3,5,1.2903225806451613
2021,Male,20,2020,BCSE,3,Yes,No,3,3,Offline,Yes,Yes,2,Intermediate,100,No,No,No,Web development,2,Software,Single,No,Bachelor,No,3.38,No,3.37,23,25000,-0.009999999999999787,9,5,0.6451612903225806
2021,Female,19,2020,BCSE,3,Yes,No,3,3,Offline,Yes,Yes,1,Intermediate,100,No,No,Yes,Web development,2,Data Science,Single,No,Bachelor,Yes,3.03,No,3.15,23,30000,0.1200000000000001,9,5,0.3225806451612903
2022,Male,20,2020,BCSE,1,No,No,3,1,Offline,No,Yes,1,Intermediate,100,No,No,Yes,Nothing,1,Cyber Security,Married,Yes,Family,No,0.0,No,0.0,0,40000,0.0,3,4,0.3225806451612903
2021,Male,21,2020,BCSE,3,Yes,Yes,1,1,Offline,Yes,Yes,1,Intermediate,95,No,No,Yes,Programming,1,Software,Single,Yes,Family,No,3.65,No,3.7,30,40000,0.050000000000000266,1,2,0.9090909090909091
2019,Female,22,2019,BCSE,9,No,Yes,3,1,Offline,Yes,Yes,2,Intermediate,80,No,No,Yes,Web development,1,Hardware,Single,No,Family,Yes,3.18,No,2.69,90,30000,-0.4900000000000002,3,4,0.6451612903225806
2022,Male,21,2020,BCSE,2,Yes,Yes,3,2,Offline,Yes,Yes,2,Basic,100,No,No,Yes,Programming,2,Software,Single,Yes,Family,No,3.78,No,3.15,90,30000,-0.6299999999999999,6,5,0.6451612903225806
2020,Male,24,2017,BCSE,8,Yes,Yes,1,1,Offline,Yes,Yes,4,Intermediate,70,No,No,No,Programming,3,Machine Learning,Relationship,Yes,Family,No,2.56,No,3.38,90,30000,0.8199999999999998,1,4,3.6363636363636362
2021,Male,20,2020,BCSE,3,Yes,No,2,2,Offline,No,Yes,12,Basic,90,No,No,No,learner,0,Software,Single,No,Family,Yes,2.94,No,3.1,24,45000,0.16000000000000014,4,2,5.714285714285714
2021,Female,19,2020,BCSE,3,No,No,3,2,Offline,Yes,Yes,4,Intermediate,77,Yes,No,Yes,Programming,3,Software,Single,No,Family,No,2.36,No,2.88,23,80000,0.52,6,6,1.2903225806451613
2022,Male,21,2021,BCSE,2,Yes,No,3,2,Online,Yes,No,5,Intermediate,100,No,No,Yes,Programming,2,Software,Single,No,Family,No,3.8,No,3.8,11,30000,0.0,6,5,1.6129032258064515
2021,Male,22,2020,BCSE,3,Yes,No,0,0,Offline,Yes,Yes,15,Basic,80,Yes,No,No,Programming,0,Software,Single,No,Bachelor,No,1.53,No,2.43,23,30000,0.9000000000000001,0,0,150.0
2020,Female,21,2019,BCSE,7,No,Yes,2,2,Online,Yes,Yes,5,Intermediate,80,No,No,Yes,Web development,3,UI/UX,Relationship,No,Family,No,3.0,No,2.91,90,35000,-0.08999999999999986,4,5,2.380952380952381
2021,Female,20,2020,BCSE,3,No,Yes,2,1,Offline,Yes,No,5,Basic,80,No,No,Yes,Programming,1,Software,Single,Yes,Family,No,2.32,No,2.66,23,40000,0.3400000000000003,2,3,2.380952380952381
2022,Male,21,2022,BCSE,1,Yes,Yes,6,2,Online,Yes,Yes,4,Intermediate,90,Yes,No,Yes,Cyber security,1,Software,Single,No,Bachelor,Yes,0.0,Yes,0.0,11,62488,0.0,12,7,0.6557377049180328
2021,Female,21,2019,BCSE,3,Yes,No,3,0,Offline,Yes,Yes,12,Advance,50,No,No,Yes,No skill,0,NETWORKING,Relationship,Yes,Family,Yes,3.37,No,3.15,23,62488,-0.2200000000000002,0,3,3.8709677419354835
2021,Female,22,2020,BCSE,3,Yes,No,2,1,Offline,Yes,Yes,3,Intermediate,100,No,No,Yes,Web development,1,Machine Learning,Single,Yes,Bachelor,Yes,2.89,No,3.37,24,50000,0.48,2,3,1.4285714285714286
2021,Female,21,2019,BCSE,3,Yes,Yes,2,3,Offline,Yes,Yes,2,Basic,90,No,No,No,Programming,2,Software,Single,No,Family,No,3.17,No,3.15,24,40000,-0.020000000000000018,6,4,0.9523809523809523
2021,Female,20,2020,BCSE,3,Yes,Yes,2,2,Offline,Yes,Yes,5,Basic,100,Yes,No,No,Programming,1,Software,Single,No,Family,Yes,2.26,No,2.31,20,35000,0.050000000000000266,4,3,2.380952380952381
2022,Female,21,2020,BCSE,2,Yes,No,5,2,Offline,Yes,Yes,2,Basic,99,No,No,No,Programming,1,Software,Single,No,Bachelor,No,3.65,No,3.65,12,35000,0.0,10,6,0.3921568627450981
2021,Female,22,2019,BCSE,3,Yes,Yes,2,1,Offline,Yes,Yes,1,Intermediate,96,No,No,Yes,Programming,1,Machine Learning,Single,No,Family,No,3.03,No,3.02,25,49000,-0.009999999999999787,2,3,0.47619047619047616
2020,Male,22,2018,BCSE,7,Yes,Yes,2,1,Offline,Yes,Yes,4,Basic,80,No,No,Yes,Web development,0,Software,Single,No,Bachelor,Yes,3.93,No,3.44,53,15000,-0.4900000000000002,2,2,1.9047619047619047
2019,Female,22,2018,BCSE,9,No,Yes,4,3,Offline,Yes,Yes,2,Advance,80,No,No,Yes,Programming,2,Data Science,Single,Yes,Family,No,3.0,No,3.09,105,2000000,0.08999999999999986,12,6,0.48780487804878053
2022,Female,20,2021,BCSE,1,Yes,Yes,2,1,Offline,Yes,Yes,3,Basic,98,No,No,Yes,Programming,0,Software,Single,No,Family,No,0.0,No,0.0,0,62488,0.0,2,2,1.4285714285714286
2022,Male,20,2020,BCSE,2,Yes,Yes,8,4,Offline,Yes,Yes,2,Basic,88,No,No,Yes,Programming,2,Software,Single,Yes,Bachelor,No,3.45,No,3.45,11,30000,0.0,32,10,0.2469135802469136
2021,Female,21,2020,BCSE,3,Yes,Yes,3,4,Offline,Yes,Yes,1,Basic,100,No,No,Yes,Programming,1,Software,Single,No,Family,No,2.94,No,3.03,23,62488,0.08999999999999986,12,4,0.3225806451612903
2021,Male,21,2019,BCSE,3,Yes,Yes,8,2,Offline,Yes,Yes,1,Intermediate,100,No,No,No,Programming,4,Software,Relationship,Yes,Family,No,3.93,No,3.95,25,50000,0.020000000000000018,16,12,0.1234567901234568
2021,Male,21,2019,BCSE,3,Yes,Yes,1,1,Online,Yes,Yes,2,Intermediate,85,No,No,No,Programming,2,Data Science,Single,Yes,Family,Yes,3.86,No,3.84,24,50000,-0.020000000000000018,1,3,1.8181818181818181
2022,Male,20,2020,BCSE,3,No,Yes,4,2,Offline,Yes,Yes,2,Intermediate,100,Yes,No,No,Programming,1,Software,Single,No,Family,No,2.93,No,2.84,26,30000,-0.0900000000000003,8,5,0.48780487804878053
2021,Male,20,2020,BCSE,4,Yes,No,5,3,Online,Yes,Yes,1,Intermediate,80,No,No,Yes,Programming,2,Software,Single,No,Bachelor,No,3.06,No,3.08,36,7000,0.020000000000000018,15,7,0.19607843137254904
2022,Female,21,2019,BCSE,1,Yes,Yes,2,1,Offline,Yes,Yes,7,Advance,100,No,No,Yes,Cyber security,0,Software,Single,No,Family,No,0.0,No,0.0,0,50000,0.0,2,2,3.333333333333333
2020,Female,21,2018,BCSE,8,Yes,Yes,0,0,Offline,Yes,Yes,3,Intermediate,100,No,No,Yes,Programming,4,Software,Single,No,Family,No,3.92,No,3.94,60,50000,0.020000000000000018,0,4,30.0
2021,Male,21,2019,BCSE,3,No,Yes,2,1,Offline,Yes,Yes,2,Intermediate,98,No,No,No,Web development,1,Software,Single,Yes,Family,No,3.17,No,3.53,25,30000,0.3599999999999999,2,3,0.9523809523809523
2022,Female,20,2020,BCSE,1,Yes,Yes,1,1,Offline,Yes,Yes,3,Basic,95,No,No,No,Programming,1,Software,Single,No,Family,No,3.63,No,3.63,11,35000,0.0,1,2,2.727272727272727
2021,Male,20,2020,BCSE,3,Yes,No,8,2,Offline,Yes,Yes,2,Intermediate,98,No,No,Yes,Programming,2,Software,Single,No,Family,No,3.98,No,3.86,23,20000,-0.1200000000000001,16,10,0.2469135802469136
2021,Female,21,2020,BCSE,4,No,Yes,6,1,Offline,Yes,No,2,Intermediate,97,Yes,No,Yes,Programming,3,Software,Single,Yes,Family,No,3.39,No,2.8,20,40000,-0.5900000000000003,6,9,0.3278688524590164
2021,Female,18,2020,BCSE,2,Yes,No,2,2,Online,Yes,No,3,Intermediate,90,No,No,No,Programming,1,Software,Engaged,No,Bachelor,Yes,3.68,No,3.68,11,40000,0.0,4,3,1.4285714285714286
2022,Male,21,2019,BCSE,2,Yes,No,5,3,Offline,Yes,Yes,4,Basic,90,Yes,No,Yes,Programming,3,Software,Single,Yes,Bachelor,No,3.83,No,3.83,11,20000,0.0,15,8,0.7843137254901962
2020,Male,22,2019,BCSE,8,No,No,3,1,Offline,Yes,Yes,4,Intermediate,100,No,No,Yes,Programming,2,Software,Single,No,Bachelor,No,3.64,No,3.74,87,50000,0.10000000000000009,3,5,1.2903225806451613
2021,Male,20,2020,BCSE,3,Yes,Yes,2,1,Offline,Yes,Yes,1,Intermediate,100,No,No,Yes,Programming,1,Cyber security,Single,No,Family,No,2.96,No,3.38,25,25000,0.41999999999999993,2,3,0.47619047619047616
2020,Male,22,2019,BCSE,6,No,Yes,3,2,Offline,Yes,Yes,1,Intermediate,100,Yes,No,Yes,Programming,2,Software,Single,Yes,Bachelor,No,2.25,No,3.15,60,20000,0.8999999999999999,6,5,0.3225806451612903
2020,Male,19,2020,BCSE,2,Yes,No,5,1,Offline,Yes,Yes,2,Intermediate,100,No,No,No,Programming,2,Data Science,Single,Yes,Bachelor,Yes,3.8,No,3.8,11,20000,0.0,5,7,0.3921568627450981
2021,Female,20,2018,BCSE,3,Yes,Yes,1,2,Online,Yes,Yes,5,Intermediate,90,No,No,Yes,Programming,1,Software,Single,No,Family,No,3.49,No,3.5,23,30000,0.009999999999999787,2,2,4.545454545454545
2021,Male,21,2021,BCSE,3,Yes,Yes,2,1,Offline,Yes,Yes,2,Intermediate,60,No,No,No,Programming,1,Software,Single,No,Family,No,2.11,No,3.0,26,50000,0.8900000000000001,2,3,0.9523809523809523
2021,Male,20,2020,BCSE,2,Yes,No,3,1,Offline,Yes,Yes,3,Intermediate,99,Yes,Yes,Yes,Programming,1,Software,Single,No,Family,No,3.42,No,3.42,11,20000,0.0,3,4,0.9677419354838709
2020,Female,23,2019,BCSE,7,Yes,No,5,2,Offline,Yes,Yes,6,Intermediate,99,No,No,Yes,Basic knowledge,2,NETWORKING,Engaged,Yes,Bachelor,Yes,3.96,No,3.93,76,12500,-0.029999999999999805,10,7,1.1764705882352942
2018,Male,23,2017,BCSE,12,No,Yes,7,3,Offline,Yes,Yes,2,Intermediate,90,Yes,No,Yes,Web development,4,Software,Single,No,Bachelor,No,2.86,No,3.26,125,15000,0.3999999999999999,21,11,0.28169014084507044
2022,Male,21,2020,BCSE,2,No,No,5,3,Offline,Yes,No,4,Basic,60,Yes,No,Yes,Programming,1,Software,Single,No,Bachelor,No,0.5,No,0.5,11,5000,0.0,15,6,0.7843137254901962
2022,Female,20,2020,BCSE,1,No,No,5,2,Offline,Yes,Yes,3,Intermediate,98,No,No,Yes,Programming,1,Software,Single,No,Family,No,3.5,No,3.5,0,20000,0.0,10,6,0.5882352941176471
2022,Male,20,2020,BCSE,2,Yes,No,1,2,Offline,Yes,Yes,2,Basic,90,No,No,No,Programming,1,Software,Single,No,Family,No,2.52,No,2.52,12,50000,0.0,2,2,1.8181818181818181
2021,Male,21,2019,BCSE,3,No,Yes,4,1,Offline,Yes,Yes,2,Intermediate,98,No,No,No,Programming,3,Full stack web development,Single,No,Family,No,3.72,No,3.71,25,60000,-0.010000000000000231,4,7,0.48780487804878053
2019,Female,22,2018,BCSE,11,Yes,No,5,2,Online,Yes,Yes,2,Intermediate,95,No,No,Yes,System analysis,1,Hardware,Relationship,Yes,Family,No,2.8,No,3.35,120,68000,0.5500000000000003,10,6,0.3921568627450981
2020,Female,21,2019,BCSE,6,Yes,No,3,2,Offline,Yes,Yes,2,Intermediate,99,No,No,Yes,Programming,1,Software,Single,No,Family,No,3.98,No,3.99,58,40000,0.010000000000000231,6,4,0.6451612903225806
2021,Male,20,2019,BCSE,3,No,No,4,2,Offline,Yes,Yes,3,Intermediate,100,No,No,No,Programming,2,Software,Single,No,Bachelor,Yes,3.68,No,3.61,24,40000,-0.07000000000000028,8,6,0.7317073170731708
2021,Male,21,2019,BCSE,3,Yes,No,1,1,Offline,Yes,Yes,5,Intermediate,90,No,No,No,Programming,1,Software,Single,No,Family,Yes,3.03,No,2.94,25,50000,-0.08999999999999986,1,2,4.545454545454545
2019,Female,22,2017,BCSE,11,No,No,3,2,Offline,Yes,Yes,4,Intermediate,95,No,No,Yes,Web development,1,Machine Learning,Single,No,Family,Yes,3.34,No,3.18,120,40000,-0.1599999999999997,6,4,1.2903225806451613
2021,Female,21,2020,BCSE,2,Yes,Yes,8,2,Offline,Yes,Yes,2,Basic,100,No,No,Yes,Software Development,1,Software,Single,Yes,Family,No,3.39,No,3.39,12,50000,0.0,16,9,0.2469135802469136
2019,Female,23,2018,BCSE,11,No,Yes,3,2,Offline,Yes,Yes,3,Intermediate,96,No,No,Yes,Web development,2,Software,Single,No,Family,No,3.78,No,3.55,141,18000,-0.22999999999999998,6,5,0.9677419354838709
2019,Male,24,2019,BCSE,5,No,Yes,2,2,Offline,Yes,Yes,8,Basic,100,Yes,No,Yes,Programming,8,Creating a game using a program language,Single,No,Family,No,1.05,No,2.97,42,62488,1.9200000000000002,4,10,3.8095238095238093
2021,Female,20,2020,BCSE,3,No,No,2,3,Offline,Yes,Yes,4,Basic,85,Yes,No,No,Programming,2,NETWORKING,Single,No,Bachelor,No,2.06,No,2.2,23,25000,0.14000000000000012,6,4,1.9047619047619047
2022,Female,20,2020,BCSE,2,Yes,No,3,1,Offline,Yes,Yes,3,Basic,95,No,No,No,Programming,2,Software,Single,No,Family,No,3.67,No,3.67,11,45000,0.0,3,5,0.9677419354838709
2021,Female,19,2020,BCSE,2,No,Yes,5,2,Offline,Yes,Yes,3,Intermediate,100,No,No,No,Programming,3,Artificial Intelligence,Single,Yes,Family,No,3.78,No,3.78,11,40000,0.0,10,8,0.5882352941176471
2020,Female,20,2019,BCSE,7,Yes,No,1,1,Online,Yes,Yes,1,Intermediate,75,Yes,No,No,No skills,1,Machine Learning,Relationship,Yes,Family,Yes,1.63,No,2.61,79,60000,0.98,1,2,0.9090909090909091
2021,Male,21,2020,BCSE,3,Yes,No,2,1,Offline,Yes,Yes,6,Basic,70,No,No,Yes,Programming,2,UI/UX,Single,Yes,Bachelor,No,3.17,No,3.39,22,40000,0.2200000000000002,2,4,2.857142857142857
2021,Female,20,2019,BCSE,3,No,Yes,2,1,Offline,Yes,Yes,2,Intermediate,100,No,No,No,Memorizing,3,Data Science,Single,No,Family,Yes,3.82,No,3.91,23,100000,0.0900000000000003,2,5,0.9523809523809523
2022,Male,22,2020,BCSE,2,No,No,2,1,Offline,Yes,No,4,Basic,100,No,No,Yes,Nothing,0,Software,Single,No,Bachelor,No,2.55,No,2.55,11,40000,0.0,2,2,1.9047619047619047
2021,Male,22,2019,BCSE,3,Yes,Yes,2,3,Online,Yes,Yes,2,Intermediate,92,No,No,Yes,Programming,1,Software,Single,No,Family,No,3.79,No,3.89,23,35000,0.10000000000000009,6,3,0.9523809523809523
2022,Male,20,2020,BCSE,1,Yes,No,2,1,Offline,Yes,No,3,Basic,99,No,No,No,Programming,0,Software,Relationship,Yes,Bachelor,No,4.0,No,4.0,10,20000,0.0,2,2,1.4285714285714286
2019,Female,23,2017,BCSE,11,No,Yes,3,2,Offline,Yes,Yes,2,Intermediate,85,No,No,Yes,Web development,2,Machine Learning,Single,No,Bachelor,No,3.76,No,3.62,120,33000,-0.13999999999999968,6,5,0.6451612903225806
2020,Male,21,2019,BCSE,8,Yes,No,5,3,Offline,Yes,Yes,4,Basic,100,No,No,Yes,Web development,2,Machine Learning,Single,Yes,Bachelor,Yes,3.74,No,3.91,88,15000,0.16999999999999993,15,7,0.7843137254901962
2022,Male,20,2020,BCSE,1,Yes,No,1,1,Offline,Yes,Yes,2,Basic,98,No,No,Yes,Trying to learn,2,Software,Single,Yes,Bachelor,No,0.0,No,0.0,0,20000,0.0,1,3,1.8181818181818181
2022,Male,20,2019,BCSE,1,Yes,Yes,2,1,Offline,Yes,Yes,1,Basic,99,Yes,No,Yes,Programming,2,Software,Single,Yes,Bachelor,No,3.15,No,3.15,13,20000,0.0,2,4,0.47619047619047616
2021,Female,21,2020,BCSE,3,Yes,No,2,2,Offline,Yes,Yes,4,Intermediate,100,No,No,No,Programming,2,Software,Single,No,Family,No,3.38,No,3.2,23,50000,-0.17999999999999972,4,4,1.9047619047619047
2020,Male,22,2018,BCSE,6,No,No,5,2,Offline,Yes,No,3,Intermediate,90,No,No,Yes,Web development,3,Software,Single,No,Bachelor,No,3.98,No,3.97,58,70000,-0.009999999999999787,10,8,0.5882352941176471
2022,Male,22,2015,BCSE,2,Yes,No,2,2,Online,Yes,Yes,1,Basic,95,Yes,No,Yes,Programming,1,Software,Single,Yes,Bachelor,Yes,2.1,No,2.1,14,25000,0.0,4,3,0.47619047619047616
2020,Female,21,2019,BCSE,8,Yes,No,3,1,Offline,Yes,Yes,5,Intermediate,80,Yes,No,No,Web development,1,Data Science,Single,Yes,Bachelor,No,2.72,No,2.25,62,60000,-0.4700000000000002,3,4,1.6129032258064515
2021,Female,22,2020,BCSE,3,Yes,Yes,3,1,Offline,No,Yes,3,Advance,98,No,No,Yes,Cyber security,4,Artificial Intelligence,Single,No,Family,Yes,3.3,Yes,3.39,23,50000,0.0900000000000003,3,7,0.9677419354838709
2021,Male,21,2020,BCSE,3,Yes,No,4,1,Offline,Yes,Yes,2,Advance,100,No,No,Yes,Programming,3,Software,Single,No,Bachelor,No,4.0,No,3.72,23,30000,-0.2799999999999998,4,7,0.48780487804878053
2022,Male,20,2019,BCSE,2,No,No,2,2,Offline,Yes,Yes,3,Basic,90,No,Yes,Yes,Networking,2,NETWORKING,Single,No,Bachelor,No,3.1,No,3.1,12,20000,0.0,4,4,1.4285714285714286
2021,Female,20,2019,BCSE,3,Yes,No,1,1,Offline,Yes,Yes,3,Advance,90,Yes,No,Yes,Programming,1,Software,Single,No,Bachelor,No,2.56,No,2.01,23,35000,-0.5500000000000003,1,2,2.727272727272727
2020,Female,20,2020,BCSE,2,Yes,Yes,2,3,Offline,Yes,Yes,12,Intermediate,80,No,No,No,Photography,1,Software,Engaged,Yes,Bachelor,Yes,3.21,No,3.21,12,30000,0.0,6,3,5.714285714285714
2022,Female,19,2021,BCSE,1,Yes,Yes,6,2,Offline,Yes,Yes,2,Intermediate,95,No,No,No,Programming,2,Software,Single,No,Family,No,0.0,No,0.0,0,70000,0.0,12,8,0.3278688524590164
2022,Male,19,2020,BCSE,12,No,No,4,2,Offline,Yes,No,3,Intermediate,75,Yes,No,Yes,Programming,1,Software,Single,Yes,Family,Yes,3.38,No,3.38,14,15000,0.0,8,5,0.7317073170731708
2022,Female,19,2021,BCSE,1,Yes,No,3,2,Offline,Yes,No,2,Basic,92,No,No,No,Programming,1,Software,Single,No,Family,No,3.15,No,3.15,11,50000,0.0,6,4,0.6451612903225806
2022,Male,21,2020,BCSE,2,No,No,1,1,Offline,Yes,Yes,4,Basic,95,Yes,No,Yes,Programming,2,Software,Single,Yes,Bachelor,No,3.9,No,3.9,11,30000,0.0,1,3,3.6363636363636362
2022,Male,20,2020,BCSE,2,Yes,Yes,2,1,Offline,Yes,Yes,1,Intermediate,98,No,No,Yes,Programming,1,Software,Single,No,Family,No,3.95,No,3.95,12,50000,0.0,2,3,0.47619047619047616
2022,Female,20,2020,BCSE,2,Yes,Yes,3,2,Offline,Yes,Yes,3,Intermediate,100,No,No,No,Programming,1,Artificial Intelligence,Single,No,Family,No,3.03,No,3.03,12,90000,0.0,6,4,0.9677419354838709
2018,Female,23,2017,BCSE,14,No,Yes,7,1,Offline,Yes,Yes,5,Intermediate,60,Yes,No,No,Cyber security,2,Artificial Intelligence,Relationship,Yes,Bachelor,Yes,2.59,No,2.56,133,28000,-0.029999999999999805,7,9,0.7042253521126761
2022,Male,20,2020,BCSE,1,Yes,No,3,1,Offline,Yes,No,2,Advance,100,No,No,Yes,Programming,2,Software,Single,Yes,Bachelor,No,0.0,No,0.0,0,30000,0.0,3,5,0.6451612903225806
2021,Female,19,2020,BCSE,3,Yes,Yes,5,2,Offline,Yes,Yes,4,Intermediate,99,No,No,Yes,Programming,3,Software,Single,No,Family,No,3.45,No,3.3,25,25000,-0.15000000000000036,10,8,0.7843137254901962
2022,Male,20,2021,BCSE,2,No,Yes,1,1,Offline,Yes,No,4,Basic,85,No,No,No,Programming,1,Software,Single,Yes,Family,No,3.6,No,3.6,11,40000,0.0,1,2,3.6363636363636362
2022,Female,20,2020,BCSE,2,No,No,6,2,Online,Yes,Yes,1,Basic,98,Yes,No,Yes,Web development,5,Software,Single,Yes,Bachelor,No,3.53,No,3.53,11,40000,0.0,12,11,0.1639344262295082
2020,Female,20,2019,BCSE,8,Yes,No,3,2,Offline,Yes,Yes,2,Intermediate,99,No,No,Yes,Programming,1,Machine Learning,Single,Yes,Family,No,3.86,No,3.69,90,50000,-0.16999999999999993,6,4,0.6451612903225806
2022,Female,19,2020,BCSE,2,No,Yes,3,2,Offline,Yes,Yes,4,Advance,100,No,No,Yes,Programming,2,Artificial Intelligence,Single,Yes,Family,No,3.48,No,2.4,11,25000,-1.08,6,5,1.2903225806451613
2021,Male,21,2019,BCSE,5,No,No,2,1,Online,Yes,Yes,1,Intermediate,98,No,No,No,Programming,6,Software,Single,No,Bachelor,No,3.7,No,3.77,54,62488,0.06999999999999984,2,8,0.47619047619047616
2022,Female,20,2020,BCSE,2,No,Yes,3,1,Offline,Yes,Yes,1,Advance,100,No,No,Yes,Programming,2,Software,Single,No,Family,No,3.84,No,3.84,11,50000,0.0,3,5,0.3225806451612903
2020,Female,21,2019,BCSE,8,No,Yes,6,2,Offline,Yes,Yes,2,Intermediate,100,No,No,Yes,Web development,3,Software,Single,No,Family,No,3.4,No,3.29,85,60000,-0.10999999999999988,12,9,0.3278688524590164
2022,Male,19,2020,BCSE,1,No,No,4,2,Offline,Yes,Yes,2,Basic,90,No,No,No,Programming,1,Artificial Intelligence,Relationship,No,Bachelor,No,3.43,No,3.43,14,24000,0.0,8,5,0.48780487804878053
2021,Female,21,2020,BCSE,2,Yes,No,4,2,Offline,Yes,No,2,Intermediate,100,No,No,Yes,Programming,12,Software,Single,Yes,Bachelor,No,3.7,No,3.7,11,30000,0.0,8,16,0.48780487804878053
2020,Male,22,2019,BCSE,6,No,Yes,4,3,Offline,Yes,Yes,4,Advance,85,No,No,Yes,Programming,3,Data Science,Relationship,No,Family,No,3.02,No,3.2,70,20000,0.18000000000000016,12,7,0.9756097560975611
2021,Male,20,2020,BCSE,3,No,Yes,2,1,Offline,Yes,Yes,3,Basic,90,No,No,No,Web development,2,Software,Single,No,Bachelor,No,3.48,No,2.98,23,20000,-0.5,2,4,1.4285714285714286
2022,Male,20,2020,BCSE,2,Yes,No,3,2,Offline,Yes,Yes,2,Advance,90,No,No,Yes,Programming,2,Software,Single,Yes,Bachelor,No,3.53,No,3.53,13,40000,0.0,6,5,0.6451612903225806
2020,Female,19,2019,BCSE,8,Yes,Yes,4,1,Offline,Yes,Yes,2,Advance,90,No,No,No,Programming,3,Data Science,Single,No,Bachelor,No,3.06,No,3.41,87,30000,0.3500000000000001,4,7,0.48780487804878053
2021,Male,20,2020,BCSE,2,No,No,2,1,Offline,Yes,Yes,3,Basic,100,Yes,No,Yes,Web development,1,Software,Single,No,Bachelor,No,3.9,No,3.9,11,20000,0.0,2,3,1.4285714285714286
2022,Female,20,2018,BCSE,1,No,No,2,2,Offline,Yes,No,4,Intermediate,95,No,No,Yes,Networking,0,Software,Single,No,Bachelor,Yes,0.0,No,0.0,0,50000,0.0,4,2,1.9047619047619047
2019,Female,20,2019,BCSE,9,No,Yes,3,3,Offline,Yes,Yes,1,Intermediate,99,No,No,No,Web development,4,Software,Single,Yes,Family,No,3.19,No,3.37,101,40000,0.18000000000000016,9,7,0.3225806451612903
2022,Female,21,2020,BCSE,2,No,No,4,2,Online,Yes,Yes,2,Basic,95,Yes,No,Yes,Programming,4,Software,Single,Yes,Bachelor,Yes,0.13,No,0.13,11,30000,0.0,8,8,0.48780487804878053
2022,Female,22,2020,BCSE,2,Yes,No,4,1,Offline,Yes,Yes,2,Basic,98,No,No,No,Programming,2,Artificial Intelligence,Engaged,No,Bachelor,Yes,3.05,No,3.05,11,20000,0.0,4,6,0.48780487804878053
2022,Female,21,2020,BCSE,1,No,Yes,3,2,Offline,Yes,Yes,1,Advance,99,No,No,Yes,Programming,1,Software,Single,Yes,Family,No,4.0,No,4.0,11,80000,0.0,6,4,0.3225806451612903
2021,Female,20,2020,BCSE,2,Yes,No,4,1,Offline,Yes,Yes,3,Intermediate,98,No,No,Yes,Programming,3,Software,Married,Yes,Family,No,3.75,No,3.75,11,60000,0.0,4,7,0.7317073170731708
2021,Male,22,2019,BCSE,2,Yes,No,3,3,Offline,Yes,Yes,2,Intermediate,90,No,No,No,Web development,4,Software,Relationship,No,Bachelor,No,3.33,No,3.33,12,20000,0.0,9,7,0.6451612903225806
2021,Male,20,2020,BCSE,3,Yes,No,4,1,Online,Yes,Yes,1,Basic,80,Yes,No,Yes,Web development,2,NETWORKING,Single,Yes,Bachelor,No,2.81,Yes,2.81,35,40000,0.0,4,6,0.24390243902439027
2022,Male,21,2019,BCSE,2,Yes,No,3,3,Offline,Yes,Yes,4,Intermediate,90,Yes,No,Yes,Data entry,0,Software,Single,Yes,Bachelor,Yes,2.18,No,2.08,11,35000,-0.10000000000000009,9,3,1.2903225806451613
2022,Male,21,2020,BCSE,1,No,Yes,4,2,Offline,Yes,Yes,1,Intermediate,100,No,No,Yes,Communication,2,Software,Single,No,Family,No,0.0,No,0.0,0,30000,0.0,8,6,0.24390243902439027
2020,Male,23,2018,BCSE,8,No,Yes,0,3,Offline,Yes,No,3,Intermediate,70,No,No,No,Web development,6,Software,Single,No,Family,No,3.7,No,3.75,70,20000,0.04999999999999982,0,6,30.0
2018,Female,24,2016,BCSE,13,No,No,2,1,Online,Yes,Yes,1,Intermediate,90,No,No,Yes,Networking,2,Hardware,Engaged,No,Bachelor,Yes,3.62,No,3.0,140,62488,-0.6200000000000001,2,4,0.47619047619047616
2022,Male,20,2020,BCSE,3,No,Yes,2,2,Offline,Yes,Yes,3,Basic,87,No,No,Yes,Programming,1,Software,Single,No,Family,Yes,3.18,Yes,3.18,11,35000,0.0,4,3,1.4285714285714286
2022,Female,21,2020,BCSE,1,Yes,Yes,3,2,Online,Yes,No,8,Basic,98,No,No,No,Programming,1,Software,Single,Yes,Family,Yes,3.55,Yes,3.59,11,100000,0.040000000000000036,6,4,2.5806451612903225
2020,Male,23,2020,BCSE,3,Yes,No,4,2,Offline,Yes,Yes,2,Basic,100,No,No,No,Web development,6,Software,Single,Yes,Bachelor,No,3.58,No,3.75,23,15000,0.16999999999999993,8,10,0.48780487804878053
2022,Male,22,2020,BCSE,2,Yes,No,2,1,Offline,Yes,Yes,8,Basic,90,No,No,No,Programming,3,Software,Single,No,Bachelor,Yes,3.88,No,3.88,12,10000,0.0,2,5,3.8095238095238093
2022,Male,20,2020,BCSE,2,Yes,No,2,1,Offline,Yes,Yes,10,Basic,90,No,No,No,Programming,3,Software,Single,No,Bachelor,No,3.0,No,3.0,12,30000,0.0,2,5,4.761904761904762
2022,Male,20,2020,BCSE,2,Yes,No,4,2,Offline,Yes,Yes,1,Intermediate,95,No,Yes,Yes,Programming,2,Software,Single,Yes,Bachelor,No,4.0,No,4.0,11,40000,0.0,8,6,0.24390243902439027
2022,Male,22,2016,BCSE,2,Yes,Yes,2,2,Online,Yes,Yes,1,Basic,80,No,No,Yes,Programming,3,NETWORKING,Relationship,Yes,Family,No,3.97,No,3.97,11,30000,0.0,4,5,0.47619047619047616
2021,Male,22,2020,BCSE,3,Yes,Yes,3,2,Online,Yes,Yes,1,Intermediate,75,No,No,Yes,Programming,2,Software,Single,Yes,Bachelor,No,3.79,No,3.69,25,100000,-0.10000000000000009,6,5,0.3225806451612903
2019,Male,22,2018,BCSE,11,No,No,6,2,Offline,Yes,Yes,2,Intermediate,90,Yes,No,Yes,Web development,2,Software,Relationship,No,Bachelor,No,2.96,No,2.89,111,50000,-0.06999999999999984,12,8,0.3278688524590164
2021,Male,21,2020,BCSE,5,Yes,No,5,1,Offline,No,Yes,3,Intermediate,88,No,No,Yes,Web development,3,Software,Single,Yes,Bachelor,Yes,3.77,No,3.86,49,30000,0.08999999999999986,5,8,0.5882352941176471
2019,Male,25,2017,BCSE,11,No,No,1,1,Offline,Yes,Yes,1,Intermediate,90,No,No,No,Web development,4,Software,Single,No,Family,No,3.44,No,3.48,124,50000,0.040000000000000036,1,5,0.9090909090909091
2022,Male,19,2021,BCSE,1,Yes,No,4,3,Offline,Yes,Yes,3,Advance,100,No,No,Yes,Web development,1,Software,Single,No,Bachelor,Yes,0.0,No,0.0,0,40000,0.0,12,5,0.7317073170731708
2021,Female,21,2019,BCSE,3,Yes,Yes,2,2,Online,Yes,Yes,2,Intermediate,85,No,No,Yes,Programming,1,Software,Single,No,Family,No,3.56,No,3.66,23,25000,0.10000000000000009,4,3,0.9523809523809523
2020,Male,19,2019,BCSE,2,Yes,Yes,3,2,Offline,Yes,Yes,1,Basic,100,No,No,Yes,Programming,1,Software,Single,No,Family,No,3.56,No,3.56,12,40000,0.0,6,4,0.3225806451612903
2021,Female,22,2020,BCSE,4,Yes,Yes,5,2,Offline,Yes,Yes,2,Intermediate,88,No,No,Yes,Programming,3,Software,Single,Yes,Family,No,2.48,No,2.74,23,35000,0.26000000000000023,10,8,0.3921568627450981
2022,Female,20,2020,BCSE,1,Yes,Yes,0,2,Online,Yes,Yes,3,Basic,97,No,No,No,No skills,1,Software,Single,No,Family,Yes,0.0,Yes,0.0,0,35000,0.0,0,1,30.0
2022,Male,20,2020,BCSE,2,Yes,Yes,1,1,Online,Yes,Yes,5,Basic,80,Yes,No,No,No Skill,0,Software,Single,No,Family,No,3.25,No,3.2,11,40000,-0.04999999999999982,1,1,4.545454545454545
2022,Male,19,2021,BCSE,1,Yes,No,4,2,Offline,Yes,Yes,5,Basic,85,No,No,Yes,No Skill,0,Software,Single,Yes,Bachelor,No,0.0,No,0.0,0,50000,0.0,8,4,1.2195121951219514
2021,Male,22,2019,BCSE,4,Yes,No,2,1,Offline,Yes,Yes,3,Intermediate,80,No,No,Yes,Programming,2,Data Science,Single,Yes,Family,No,3.7,No,3.4,39,50000,-0.30000000000000027,2,4,1.4285714285714286
2021,Female,20,2020,BCSE,4,Yes,No,1,1,Offline,Yes,No,2,Intermediate,100,No,No,No,Programming,0,Data Science,Single,No,Family,No,3.38,No,3.58,25,80000,0.20000000000000018,1,1,1.8181818181818181
2021,Male,21,2019,BCSE,4,Yes,No,1,2,Online,Yes,Yes,2,Intermediate,80,No,No,Yes,Web development,4,Software,Single,Yes,Bachelor,No,3.78,No,3.9,49,40000,0.1200000000000001,2,5,1.8181818181818181
2019,Female,24,2016,BCSE,10,No,No,4,2,Offline,Yes,Yes,3,Intermediate,95,No,No,Yes,Programming,2,Machine Learning,Single,No,Bachelor,No,3.4,No,3.5,106,20000,0.10000000000000009,8,6,0.7317073170731708
2019,Male,24,2017,BCSE,10,No,No,2,1,Offline,Yes,Yes,3,Intermediate,80,No,No,Yes,Programming,5,Software,Single,Yes,Family,No,2.58,No,2.93,106,65000,0.3500000000000001,2,7,1.4285714285714286
2020,Male,21,2019,BCSE,8,No,No,1,1,Online,Yes,Yes,1,Advance,85,No,No,Yes,Web development,1,NETWORKING,Relationship,No,Bachelor,Yes,3.96,No,3.7,85,25000,-0.2599999999999998,1,2,0.9090909090909091
2021,Female,21,2020,BCSE,3,Yes,Yes,3,2,Offline,Yes,Yes,2,Intermediate,88,No,No,No,Programming,2,Software,Single,No,Family,No,3.58,No,3.76,25,40000,0.17999999999999972,6,5,0.6451612903225806
2021,Male,20,2020,BCSE,3,Yes,No,2,2,Online,Yes,Yes,4,Intermediate,99,No,No,Yes,Programming,2,Software,Relationship,Yes,Bachelor,No,3.79,No,3.91,23,50000,0.1200000000000001,4,4,1.9047619047619047
2021,Male,21,2019,BCSE,5,No,No,1,2,Offline,Yes,Yes,1,Intermediate,94-98,No,Yes,Yes,Programming,1,Hardware,Single,Yes,Bachelor,No,2.17,No,3.06,44,15000,0.8900000000000001,2,2,0.9090909090909091
2021,Male,22,2020,BCSE,4,Yes,No,3,2,Offline,Yes,Yes,2,Intermediate,90,Yes,No,Yes,Web development,4,Software,Single,No,Bachelor,No,1.12,No,1.88,32,60000,0.7599999999999998,6,7,0.6451612903225806
2021,Female,21,2019,BCSE,3,Yes,Yes,4,3,Online,Yes,Yes,1,Intermediate,99,No,No,No,Programming,2,Software,Single,No,Family,No,3.72,No,3.67,25,35000,-0.050000000000000266,12,6,0.24390243902439027
2022,Male,20,2020,BCSE,2,No,No,5,3,Offline,Yes,No,1,Basic,88,No,No,Yes,Programming,2,Software,Single,Yes,Family,No,3.55,No,3.55,11,35000,0.0,15,7,0.19607843137254904
2020,Female,22,2018,BCSE,8,No,No,4,2,Offline,Yes,Yes,2,Intermediate,98,No,No,No,Programming,2,Software,Single,No,Family,No,2.83,No,2.82,65,25000,-0.010000000000000231,8,6,0.48780487804878053
2022,Female,20,2020,BCSE,2,Yes,Yes,2,1,Offline,Yes,Yes,2,Basic,95,No,No,Yes,Networking,1,Software,Single,No,Family,Yes,3.88,No,3.88,11,35000,0.0,2,3,0.9523809523809523
2022,Male,21,2020,BCSE,2,Yes,No,1,1,Offline,Yes,Yes,4,Intermediate,90,No,No,No,Networking,2,Machine Learning,Single,Yes,Bachelor,Yes,4.0,No,4.0,12,25000,0.0,1,3,3.6363636363636362
2020,Female,21,2019,BCSE,8,No,Yes,3,1,Offline,Yes,Yes,3,Intermediate,97,No,No,No,Web development,1,Data Science,Single,Yes,Family,No,3.0,No,3.66,87,150000,0.6600000000000001,3,4,0.9677419354838709
2018,Male,26,2018,BCSE,12,No,Yes,8,2,Online,Yes,Yes,2,Intermediate,90,Yes,Yes,Yes,Web development,5,Software,Single,Yes,Bachelor,No,2.44,No,2.44,90,20000,0.0,16,13,0.2469135802469136
2021,Male,21,2020,BCSE,3,Yes,No,4,2,Offline,Yes,Yes,1,Intermediate,98,No,No,Yes,Web development,1,Software,Single,No,Family,No,2.82,No,3.0,23,25000,0.18000000000000016,8,5,0.24390243902439027
2022,Female,21,2019,BCSE,2,Yes,Yes,2,2,Offline,Yes,Yes,1,Intermediate,100,No,No,No,Programming,2,Software,Single,No,Family,No,3.9,No,3.9,11,50000,0.0,4,4,0.47619047619047616
2022,Male,21,2020,BCSE,2,Yes,No,5,1,Online,Yes,Yes,12,Basic,98,No,No,Yes,Programming,2,Software,Single,Yes,Bachelor,Yes,3.33,No,3.33,12,62488,0.0,5,7,2.3529411764705883
2022,Female,20,2020,BCSE,2,No,No,3,3,Offline,Yes,Yes,2,Basic,97,No,No,Yes,Programming,2,Software,Single,Yes,Bachelor,No,3.7,No,3.7,11,35000,0.0,9,5,0.6451612903225806
2022,Male,20,2020,BCSE,2,Yes,Yes,4,2,Offline,Yes,No,3,Intermediate,90,No,No,Yes,Web development,1,Software,Single,Yes,Family,No,3.98,No,3.98,11,25000,0.0,8,5,0.7317073170731708
2022,Female,21,2020,BCSE,1,Yes,No,2,2,Offline,Yes,No,1,Basic,100,No,No,No,Web development,1,Software,Single,No,Bachelor,No,3.4,No,3.8,11,60000,0.3999999999999999,4,3,0.47619047619047616
2022,Male,22,2019,BCSE,2,Yes,Yes,1,1,Online,Yes,Yes,2,Intermediate,70,No,No,Yes,Programming,1,Software,Single,Yes,Family,No,3.81,No,3.81,11,400000,0.0,1,2,1.8181818181818181
2022,Female,23,2021,BCSE,2,Yes,Yes,1,2,Offline,Yes,No,3,Intermediate,90,No,No,No,Web development,0,Software,Engaged,Yes,Family,Yes,3.97,No,3.97,11,25000,0.0,2,1,2.727272727272727
2022,Male,20,2020,BCSE,2,Yes,Yes,8,2,Offline,Yes,Yes,8,Basic,90,No,No,No,Programming,2,Software,Single,Yes,Bachelor,No,3.33,No,3.33,12,30000,0.0,16,10,0.9876543209876544
2021,Female,21,2020,BCSE,3,Yes,No,3,1,Offline,Yes,No,3,Intermediate,70,No,No,Yes,Programming,5,Software,Single,No,Family,Yes,2.68,No,2.89,23,15000,0.20999999999999996,3,8,0.9677419354838709
2021,Female,20,2019,BCSE,2,No,No,3,2,Online,Yes,No,2,Intermediate,95,No,No,Yes,Programming,1,Software,Single,No,Bachelor,Yes,3.84,No,3.84,11,30000,0.0,6,4,0.6451612903225806
2021,Female,20,2016,BCSE,3,Yes,No,2,1,Offline,Yes,No,1,Advance,75,No,No,Yes,Programming,1,NETWORKING,Single,Yes,Family,No,3.54,No,3.69,25,20000,0.1499999999999999,2,3,0.47619047619047616
2021,Male,21,2020,BCSE,3,No,No,2,2,Offline,Yes,Yes,3,Intermediate,88,No,No,Yes,Programming,2,Software,Single,No,Bachelor,No,1.78,No,3.15,20,25000,1.3699999999999999,4,4,1.4285714285714286
2021,Male,19,2020,BCSE,3,Yes,Yes,2,1,Offline,Yes,Yes,3,Intermediate,90,No,No,No,Programming,1,NETWORKING,Single,Yes,Family,Yes,2.32,No,2.8,24,35000,0.48,2,3,1.4285714285714286
2022,Male,20,2020,BCSE,2,Yes,No,3,1,Offline,Yes,Yes,3,Basic,90,No,No,No,Programming,2,Software,Single,No,Bachelor,No,4.0,No,4.0,11,50000,0.0,3,5,0.9677419354838709
2022,Male,22,2019,BCSE,1,No,No,2,2,Online,Yes,Yes,2,Intermediate,95,No,No,Yes,"videography, video editing",2,Software,Single,Yes,Family,Yes,0.0,No,0.0,0,62488,0.0,4,4,0.9523809523809523
2022,Male,20,2020,BCSE,2,No,No,5,2,Offline,Yes,Yes,1,Basic,90,No,No,Yes,Programming,2,Software,Single,No,Bachelor,No,3.8,No,3.8,12,20000,0.0,10,7,0.19607843137254904
2021,Male,22,2019,BCSE,5,No,Yes,0,0,Online,Yes,Yes,3,Basic,100,No,No,No,Web development,6,Software,Single,No,Family,No,2.08,No,2.91,49,30000,0.8300000000000001,0,6,30.0
2022,Male,20,2020,BCSE,2,No,No,2,3,Offline,Yes,No,1,Basic,95,No,No,Yes,Programming,2,Software,Single,Yes,Bachelor,No,3.05,No,3.05,12,25000,0.0,6,4,0.47619047619047616
2022,Male,21,2020,BCSE,2,Yes,Yes,3,2,Online,Yes,Yes,5,Advance,90,No,No,Yes,Programming,0,Software,Single,Yes,Family,No,3.45,No,3.45,12,30000,0.0,6,3,1.6129032258064515
2022,Female,19,2020,BCSE,1,No,Yes,1,2,Offline,Yes,No,3,Basic,98,No,No,No,No skills,2,Software,Single,No,Family,No,0.0,No,0.0,0,20000,0.0,2,3,2.727272727272727
2022,Male,20,2020,BCSE,1,Yes,Yes,4,2,Offline,Yes,Yes,3,Basic,96,Yes,Yes,Yes,Programming,2,Software,Single,No,Bachelor,No,2.73,No,2.73,12,20000,0.0,8,6,0.7317073170731708
2018,Male,22,2018,BCSE,11,No,No,1,1,Offline,Yes,Yes,2,Intermediate,80,No,No,Yes,Web development,3,Software,Single,Yes,Bachelor,No,3.2,No,3.29,132,40000,0.08999999999999986,1,4,1.8181818181818181
2019,Female,20,2019,BCSE,8,Yes,No,6,2,Offline,Yes,Yes,2,Intermediate,100,No,No,Yes,Web development,2,Software,Single,Yes,Family,No,3.96,No,3.94,85,100000,-0.020000000000000018,12,8,0.3278688524590164
2020,Male,22,2019,BCSE,7,Yes,Yes,0,2,Offline,Yes,Yes,6,Intermediate,60,No,No,No,Nothing properly,0,Software,Single,No,Family,No,3.56,No,3.69,87,40000,0.1299999999999999,0,0,60.0
2022,Male,23,2019,BCSE,1,Yes,Yes,2,1,Offline,Yes,Yes,8,Basic,100,No,No,No,Networking,1,Software,Single,No,Family,No,0.0,No,0.0,0,40000,0.0,2,3,3.8095238095238093
2022,Female,19,2020,BCSE,2,Yes,Yes,2,1,Offline,Yes,Yes,1,Basic,100,No,No,No,Programming,1,Software,Single,Yes,Family,No,3.89,No,3.89,11,70000,0.0,2,3,0.47619047619047616
2022,Female,20,2020,BCSE,1,Yes,Yes,2,1,Offline,Yes,No,7,Intermediate,100,No,No,Yes,Networking,1,Software,Single,Yes,Family,No,0.0,No,0.0,0,15000,0.0,2,3,3.333333333333333
2021,Female,26,2014,BCSE,3,Yes,No,4,3,Offline,Yes,Yes,3,Basic,50,No,No,No,Programming,1,Software,Married,No,Family,No,3.89,No,3.36,23,80000,-0.5300000000000002,12,5,0.7317073170731708
2022,Male,20,2020,BCSE,2,Yes,Yes,3,1,Offline,Yes,Yes,2,Basic,10,No,No,No,Programming,1,Cyber Security,Single,No,Family,No,3.68,No,3.68,14,24000,0.0,3,4,0.6451612903225806
2022,Male,19,2020,BCSE,1,Yes,Yes,1,2,Online,Yes,Yes,3,Intermediate,100,No,No,Yes,Programming,2,Software,Single,No,Family,No,0.0,No,0.0,0,20000,0.0,2,3,2.727272727272727
2022,Male,19,2020,BCSE,2,Yes,Yes,5,2,Offline,Yes,Yes,2,Intermediate,98,Yes,No,Yes,Programming,2,Software,Single,Yes,Family,No,2.93,No,2.93,11,35000,0.0,10,7,0.3921568627450981
2022,Male,20,2020,BCSE,2,Yes,No,4,3,Online,Yes,Yes,2,Basic,100,No,No,No,Programming,2,Software,Single,No,Family,No,3.81,No,3.81,12,50000,0.0,12,6,0.48780487804878053
2021,Female,19,2020,BCSE,2,No,Yes,3,2,Offline,Yes,No,2,Intermediate,98,No,No,No,Programming,1,Software,Single,No,Family,Yes,3.37,Yes,3.37,11,25000,0.0,6,4,0.6451612903225806
2022,Male,19,2020,BCSE,2,Yes,No,3,1,Offline,Yes,Yes,3,Intermediate,100,Yes,No,Yes,Programming,1,confuse,Married,No,Family,No,3.25,No,3.25,10,62488,0.0,3,4,0.9677419354838709
2022,Male,20,2020,BCSE,2,Yes,No,3,2,Online,Yes,Yes,3,Basic,85,No,No,No,Programming,2,Artificial Intelligence,Single,No,Family,No,2.89,No,2.89,11,30000,0.0,6,5,0.9677419354838709
2022,Male,22,2019,BCSE,2,No,No,2,1,Offline,Yes,Yes,3,Basic,95,Yes,No,No,Web development,1,Software,Engaged,Yes,Bachelor,Yes,1.45,No,1.45,11,40000,0.0,2,3,1.4285714285714286
2022,Male,20,2020,BCSE,2,No,Yes,2,2,Offline,Yes,No,4,Intermediate,98,No,No,Yes,No skill,2,Software,Single,No,Family,No,3.73,No,3.73,11,35000,0.0,4,4,1.9047619047619047
2022,Male,20,2020,BCSE,2,Yes,No,2,2,Offline,Yes,Yes,1,Intermediate,92,No,No,No,Web development,4,Software,Single,No,Bachelor,No,3.18,No,3.18,11,25000,0.0,4,6,0.47619047619047616
2018,Female,22,2017,BCSE,12,No,Yes,5,2,Offline,Yes,Yes,4,Intermediate,99,No,No,No,Web development,1,Software,Single,Yes,Family,No,3.5,No,3.7,100,30000,0.20000000000000018,10,6,0.7843137254901962
2022,Male,19,2020,BCSE,2,Yes,No,1,1,Online,Yes,Yes,2,Basic,90,Yes,No,No,Programming,1,Software,Single,No,Bachelor,Yes,2.9,No,2.9,11,60000,0.0,1,2,1.8181818181818181
2022,Male,18,2020,BCSE,2,Yes,No,6,3,Offline,Yes,Yes,2,Basic,95,No,No,Yes,Web development,2,Software,Single,No,Family,No,3.48,No,3.48,12,25000,0.0,18,8,0.3278688524590164
2022,Male,20,2020,BCSE,2,Yes,No,3,2,Offline,Yes,Yes,4,Basic,95,Yes,No,No,Web development,3,Web developing,Single,No,Family,No,3.6,No,3.6,11,25000,0.0,6,6,1.2903225806451613
2021,Male,21,2019,BCSE,2,No,No,2,3,Online,Yes,Yes,2,Basic,90,No,No,Yes,Web development,4,Software,Single,No,Bachelor,No,3.13,No,3.17,11,40000,0.040000000000000036,6,6,0.9523809523809523
2021,Male,21,2019,BCSE,2,Yes,No,3,2,Online,Yes,Yes,2,Basic,90,Yes,No,Yes,Programming,2,Software,Single,No,Bachelor,No,1.42,No,1.42,5,50000,0.0,6,5,0.6451612903225806
2022,Male,19,2020,BCSE,2,Yes,Yes,2,1,Offline,Yes,Yes,1,Intermediate,88,No,No,Yes,Web development,2,Software,Single,No,Family,No,3.13,No,3.13,11,40000,0.0,2,4,0.47619047619047616
2022,Male,20,2020,BCSE,2,Yes,No,3,2,Online,Yes,Yes,2,Intermediate,100,No,No,Yes,Programming,1,Software,Single,No,Bachelor,No,3.85,No,3.85,12,30000,0.0,6,4,0.6451612903225806
2022,Male,21,2020,BCSE,2,Yes,Yes,4,2,Online,Yes,Yes,1,Intermediate,100,No,No,Yes,Programming,1,Software,Single,Yes,Family,Yes,3.6,No,3.6,11,35000,0.0,8,5,0.24390243902439027
2022,Female,18,2020,BCSE,2,Yes,No,2,2,Online,Yes,Yes,1,Intermediate,100,No,No,Yes,Programming,1,Software,Single,Yes,Family,No,3.54,No,3.54,11,14000,0.0,4,3,0.47619047619047616
2022,Male,20,2020,BCSE,2,Yes,No,1,1,Offline,Yes,Yes,4,Basic,88,No,No,No,Programming,3,Software,Single,No,Bachelor,No,3.54,No,3.55,11,62488,0.009999999999999787,1,4,3.6363636363636362
2022,Male,19,2020,BCSE,2,No,No,3,2,Online,Yes,Yes,4,Intermediate,95,Yes,No,No,Programming,6,Software,Single,No,Bachelor,No,2.1,No,2.1,12,10000,0.0,6,9,1.2903225806451613
2022,Male,20,2020,BCSE,2,Yes,No,3,2,Offline,Yes,Yes,5,Basic,90,No,No,Yes,Programming,1,Software,Single,Yes,Bachelor,No,2.5,No,2.5,12,25000,0.0,6,4,1.6129032258064515
2019,Male,24,2017,BCSE,11,Yes,No,7,1,Offline,Yes,Yes,1,Intermediate,90,No,No,No,Web development,5,Software,Relationship,Yes,Bachelor,No,3.31,No,3.76,139,30000,0.44999999999999973,7,12,0.14084507042253522
2022,Male,21,2020,BCSE,2,No,No,1,2,Online,Yes,Yes,4,Advance,85,No,No,Yes,Cyber security,0,Software,Single,No,Bachelor,No,3.75,No,3.75,12,50000,0.0,2,1,3.6363636363636362
2021,Male,21,2020,BCSE,2,Yes,No,6,3,Online,Yes,Yes,2,Intermediate,98,No,No,Yes,Programming,3,Software,Single,No,Bachelor,Yes,3.7,No,3.7,13,25000,0.0,18,9,0.3278688524590164
2021,Male,21,2020,BCSE,2,No,No,3,3,Online,Yes,Yes,1,Intermediate,97,No,No,Yes,Programming,3,Machine Learning,Single,No,Bachelor,Yes,3.5,No,3.5,13,33000,0.0,9,6,0.3225806451612903
2020,Female,20,2019,BCSE,2,Yes,Yes,3,2,Offline,Yes,Yes,4,Basic,90,Yes,No,No,Programming,2,Hardware,Single,No,Family,No,3.7,No,3.7,11,60000,0.0,6,5,1.2903225806451613
2022,Male,20,2020,BCSE,2,Yes,No,3,1,Offline,Yes,Yes,3,Basic,70,Yes,Yes,Yes,Programming,2,Software,Single,No,Bachelor,No,3.24,No,3.24,11,40000,0.0,3,5,0.9677419354838709
2019,Female,22,2018,BCSE,11,No,Yes,2,1,Offline,Yes,Yes,2,Intermediate,99,Yes,No,No,Programming,1,Software,Single,No,Family,No,2.3,No,2.8,113,60000,0.5,2,3,0.9523809523809523
2019,Female,22,2018,BCSE,12,No,No,2,1,Offline,Yes,No,3,Intermediate,70,No,No,No,Web development,2,Machine Learning,Engaged,No,Family,No,3.87,No,3.6,141,70000,-0.27,2,4,1.4285714285714286
2020,Male,22,2020,BCSE,3,Yes,Yes,3,2,Offline,Yes,Yes,4,Intermediate,37,No,No,Yes,Programming,1,Artificial Intelligence,Single,Yes,Family,No,3.24,Yes,3.5,27,25000,0.2599999999999998,6,4,1.2903225806451613
2021,Male,19,2020,BCSE,2,No,No,3,2,Offline,Yes,No,3,Basic,85,No,No,No,Programming,2,Software,Single,No,Family,No,3.65,No,3.65,11,62488,0.0,6,5,0.9677419354838709
2021,Male,21,2019,BCSE,3,Yes,No,4,2,Offline,Yes,Yes,3,Intermediate,80,No,No,Yes,Programming,2,Software,Single,Yes,Bachelor,No,3.52,No,3.5,21,25000,-0.020000000000000018,8,6,0.7317073170731708
2022,Male,20,2020,BCSE,2,Yes,No,3,1,Offline,Yes,Yes,2,Basic,95,No,No,No,Programming,4,Software,Single,No,Bachelor,No,2.73,No,2.73,11,21000,0.0,3,7,0.6451612903225806
2021,Male,24,2020,BCSE,3,Yes,No,3,2,Offline,Yes,Yes,1,Basic,90,No,No,Yes,Programming,2,Software,Single,No,Family,No,3.79,No,3.88,23,13000,0.08999999999999986,6,5,0.3225806451612903
2019,Female,23,2016,BCSE,11,Yes,No,2,1,Offline,Yes,Yes,2,Basic,70,No,No,No,Nothing,0,Software,Engaged,No,Bachelor,No,3.96,No,3.91,116,30000,-0.04999999999999982,2,2,0.9523809523809523
2022,Female,20,2021,BCSE,2,No,Yes,5,2,Online,Yes,Yes,2,Basic,90,Yes,No,Yes,Web development,1,Software,Single,No,Family,No,3.15,No,3.15,11,60000,0.0,10,6,0.3921568627450981
2022,Female,21,2020,BCSE,2,No,Yes,7,2,Offline,Yes,No,1,Intermediate,100,No,No,No,Programming,2,Software,Single,Yes,Family,Yes,3.4,No,3.4,12,15000,0.0,14,9,0.14084507042253522
2019,Female,22,2018,BCSE,11,No,Yes,2,2,Online,Yes,Yes,1,Intermediate,90,No,No,No,Web development,2,Software,Single,No,Family,No,3.49,No,3.39,126,20000,-0.10000000000000009,4,4,0.47619047619047616
2022,Male,23,2020,BCSE,2,No,Yes,6,2,Online,Yes,Yes,1,Intermediate,100,No,No,No,Programming,2,Software,Single,Yes,Family,No,3.85,No,3.85,12,30000,0.0,12,8,0.1639344262295082
2020,Male,21,2018,BCSE,8,No,Yes,4,2,Offline,Yes,Yes,1,Intermediate,90,Yes,No,No,Web development,2,Software,Single,Yes,Family,No,2.02,No,2.4,71,35000,0.3799999999999999,8,6,0.24390243902439027
2021,Female,26,2014,BCSE,3,Yes,No,5,3,Offline,Yes,Yes,3,Basic,50,No,No,No,Programming,2,Software,Married,No,Family,No,3.89,No,3.38,23,80000,-0.5100000000000002,15,7,0.5882352941176471
2022,Male,22,2020,BCSE,2,Yes,Yes,2,1,Online,Yes,Yes,2,Intermediate,90,No,No,Yes,Its on learning phase,3,Software,Single,No,Family,No,3.93,No,3.93,12,55000,0.0,2,5,0.9523809523809523
2021,Female,20,2020,BCSE,2,No,Yes,5,2,Offline,Yes,Yes,2,Basic,99,No,No,No,Programming,1,Machine Learning,Single,No,Family,No,3.9,No,3.9,11,20000,0.0,10,6,0.3921568627450981
2022,Male,20,2020,BCSE,2,Yes,Yes,3,3,Offline,Yes,Yes,3,Intermediate,95,Yes,No,Yes,Programming,1,Software,Single,No,Bachelor,No,3.47,No,3.47,12,30000,0.0,9,4,0.9677419354838709
2022,Female,20,2019,BCSE,2,No,Yes,2,2,Offline,Yes,Yes,2,Intermediate,90,No,No,Yes,Graphics designing,1,Software,Single,Yes,Family,No,3.7,No,3.7,12,30000,0.0,4,3,0.9523809523809523
2022,Male,20,2020,BCSE,2,Yes,Yes,4,1,Offline,Yes,Yes,2,Intermediate,100,No,No,No,Programming,2,Software,Single,Yes,Family,Yes,3.45,No,3.45,11,20000,0.0,4,6,0.48780487804878053
2022,Male,22,2020,BCSE,2,Yes,Yes,3,2,Offline,Yes,Yes,2,Intermediate,98,Yes,No,Yes,Programming,1,Software,Single,No,Family,No,3.73,No,3.73,11,100000,0.0,6,4,0.6451612903225806
2021,Male,21,2019,BCSE,3,Yes,Yes,4,4,Online,Yes,Yes,2,Intermediate,95,No,No,Yes,Web development,3,Software,Single,Yes,Bachelor,Yes,3.73,Yes,3.68,26,35000,-0.04999999999999982,16,7,0.48780487804878053
2022,Female,22,2020,BCSE,2,Yes,Yes,3,2,Online,Yes,Yes,1,Intermediate,95,No,No,Yes,Programming,2,Software,Single,No,Bachelor,No,3.65,No,3.65,11,20000,0.0,6,5,0.3225806451612903
2022,Female,21,2020,BCSE,2,Yes,Yes,4,2,Offline,Yes,Yes,3,Basic,100,No,No,Yes,Programming,2,Software,Single,No,Family,No,3.45,No,3.45,11,35000,0.0,8,6,0.7317073170731708
2022,Male,21,2020,BCSE,2,Yes,Yes,4,2,Offline,Yes,Yes,3,Basic,100,No,No,Yes,Programming,2,Software,Single,No,Bachelor,No,2.58,No,2.58,11,35000,0.0,8,6,0.7317073170731708
2021,Female,20,2020,BCSE,3,Yes,No,4,2,Online,Yes,No,2,Advance,98,Yes,No,Yes,Programming,5,Software,Single,No,Bachelor,Yes,1.87,No,3.5,32,20000,1.63,8,9,0.48780487804878053
2020,Male,21,2019,BCSE,7,No,No,1,1,Offline,Yes,Yes,2,Intermediate,93,No,No,No,Web development,1,Software,Single,No,Family,No,2.68,No,3.15,77,40000,0.46999999999999975,1,2,1.8181818181818181
2020,Female,20,2019,BCSE,7,Yes,Yes,4,2,Online,Yes,Yes,1,Intermediate,98,No,No,Yes,Programming,3,Software,Single,Yes,Family,No,3.96,No,3.99,76,25000,0.03000000000000025,8,7,0.24390243902439027
2019,Male,22,2019,BCSE,8,Yes,Yes,4,2,Online,Yes,Yes,1,Intermediate,90,No,No,No,Web development,2,Software,Single,No,Family,Yes,3.68,No,3.73,84,62488,0.04999999999999982,8,6,0.24390243902439027
2019,Male,20,2019,BCSE,9,Yes,No,5,2,Offline,Yes,Yes,10,Basic,50,Yes,No,No,Programming,2,Software,Married,Yes,Bachelor,No,3.35,No,2.3,90,50000,-1.0500000000000003,10,7,1.9607843137254903
2019,Male,22,2017,BCSE,9,No,Yes,4,2,Offline,Yes,Yes,4,Intermediate,90,No,No,Yes,Web development,6,Software,Single,Yes,Family,No,2.04,No,2.86,93,50000,0.8199999999999998,8,10,0.9756097560975611
2020,Male,21,2019,BCSE,8,Yes,Yes,0,1,Offline,Yes,Yes,2,Advance,95,No,No,No,Web development,1,Software,Single,No,Family,No,3.74,No,3.67,90,30000,-0.07000000000000028,0,1,20.0
2020,Female,21,2019,BCSE,8,No,No,4,2,Offline,Yes,Yes,2,Intermediate,95,No,No,No,Programming,1,Software,Single,No,Bachelor,No,3.75,No,3.75,110,250000,0.0,8,5,0.48780487804878053
2020,Female,22,2018,BCSE,8,No,No,2,3,Offline,Yes,Yes,1,Intermediate,90,No,No,Yes,Programming,2,Data Science,Single,No,Bachelor,No,3.3,No,3.26,86,50000,-0.040000000000000036,6,4,0.47619047619047616
2019,Male,23,2019,BCSE,8,Yes,No,5,3,Offline,Yes,Yes,4,Intermediate,98,No,No,Yes,Programming,3,NETWORKING,Single,Yes,Bachelor,Yes,3.72,No,3.45,90,25000,-0.27,15,8,0.7843137254901962
2019,Male,24,2018,BCSE,8,No,No,4,2,Offline,Yes,Yes,3,Intermediate,88,No,No,Yes,Programming,2,Machine Learning,Single,Yes,Bachelor,No,3.21,No,3.42,85,40000,0.20999999999999996,8,6,0.7317073170731708
2020,Female,21,2018,BCSE,7,Yes,Yes,1,1,Offline,Yes,Yes,3,Intermediate,97,No,No,No,Nothing much,0,Artificial Intelligence,Married,Yes,Family,No,3.64,No,3.65,76,60000,0.009999999999999787,1,1,2.727272727272727
2020,Female,22,2018,BCSE,8,Yes,Yes,3,1,Offline,Yes,Yes,5,Advance,90,No,No,No,E-commerce,2,NETWORKING,Relationship,No,Family,Yes,2.86,No,3.42,87,50000,0.56,3,5,1.6129032258064515
2019,Male,22,2018,BCSE,8,Yes,Yes,4,2,Offline,Yes,Yes,1,Intermediate,90,No,No,Yes,Programming,2,Software,Single,No,Family,No,3.78,No,3.88,93,30000,0.10000000000000009,8,6,0.24390243902439027
2016,Male,24,2014,BCSE,13,No,Yes,5,2,Offline,Yes,Yes,5,Basic,99,Yes,No,No,Software Development,2,Software,Single,Yes,Bachelor,No,2.66,No,2.76,115,50000,0.09999999999999964,10,7,0.9803921568627452
2020,Female,21,2019,BCSE,8,No,Yes,2,2,Offline,Yes,Yes,3,Advance,90,No,No,No,Programming,1,Software,Married,Yes,Family,No,3.04,No,2.87,85,100000,-0.16999999999999993,4,3,1.4285714285714286
2020,Male,20,2019,BCSE,8,No,No,1,1,Offline,Yes,Yes,4,Intermediate,80,No,No,No,Programming,1,Software,Single,No,Family,No,1.76,No,2.55,64,35000,0.7899999999999998,1,2,3.6363636363636362
2020,Male,22,2019,BCSE,8,Yes,Yes,3,3,Online,Yes,Yes,2,Advance,98,No,No,Yes,Web development,2,Software,Single,No,Family,No,3.15,No,3.71,84,5000,0.56,9,5,0.6451612903225806
2020,Male,22,2019,BCSE,8,Yes,Yes,2,2,Offline,Yes,Yes,1,Intermediate,100,No,No,Yes,Programming,4,Software,Single,No,Bachelor,No,4.0,No,3.62,86,50000,-0.3799999999999999,4,6,0.47619047619047616
2022,Female,20,2020,BCSE,2,No,Yes,3,1,Offline,Yes,Yes,2,Intermediate,100,No,No,No,Programming,3,Software,Single,No,Family,No,3.58,No,3.58,14,45000,0.0,3,6,0.6451612903225806
2022,Male,21,2019,BCSE,1,No,Yes,6,2,Offline,Yes,Yes,2,Intermediate,88,No,No,No,Programming,2,Software,Single,Yes,Family,Yes,3.4,No,3.4,11,30000,0.0,12,8,0.3278688524590164
2020,Male,22,2019,BCSE,8,No,Yes,2,1,Online,Yes,Yes,16,Advance,78,Yes,No,No,Programming,2,Software,Single,No,Family,Yes,2.44,No,2.77,76,30000,0.33000000000000007,2,4,7.619047619047619
2020,Male,22,2019,BCSE,7,Yes,Yes,6,3,Online,Yes,Yes,1,Advance,97,No,No,No,Web development,1,Software,Single,Yes,Family,No,3.94,No,3.91,75,40000,-0.029999999999999805,18,7,0.1639344262295082
2018,Male,24,2016,BCSE,10,Yes,No,3,1,Offline,Yes,Yes,1,Intermediate,80,No,No,Yes,Teaching,0,Teaching,Single,Yes,Bachelor,Yes,3.0,No,2.85,90,50000,-0.1499999999999999,3,3,0.3225806451612903
2020,Female,21,2019,BCSE,8,Yes,Yes,1,1,Offline,Yes,Yes,3,Intermediate,85,No,No,No,Programming,1,Software,Engaged,No,Family,Yes,3.32,No,3.27,88,50000,-0.04999999999999982,1,2,2.727272727272727
2022,Male,22,2020,BCSE,2,Yes,Yes,2,1,Offline,Yes,Yes,5,Basic,90,No,No,Yes,Programming,2,Software,Single,No,Family,No,2.8,No,2.8,11,30000,0.0,2,4,2.380952380952381
2020,Female,22,2018,BCSE,6,No,No,3,2,Offline,Yes,Yes,3,Intermediate,99,No,No,Yes,Web development,2,Artificial Intelligence,Single,Yes,Bachelor,No,3.39,No,3.33,70,40000,-0.06000000000000005,6,5,0.9677419354838709
2022,Male,20,2020,BCSE,2,No,No,1,1,Online,Yes,No,2,Intermediate,95,No,No,Yes,Programming,1,Software,Single,Yes,Bachelor,No,4.0,No,4.0,12,40000,0.0,1,2,1.8181818181818181
2017,Female,26,2013,BCSE,11,Yes,Yes,1,1,Online,Yes,Yes,1,Intermediate,100,No,No,Yes,Networking,2,Hardware,Married,No,Family,No,3.2,No,3.44,117,40000,0.23999999999999977,1,3,0.9090909090909091
2020,Female,21,2019,BCSE,7,Yes,No,2,2,Offline,Yes,Yes,2,Intermediate,88,No,No,Yes,Programming,1,Data Science,Single,Yes,Bachelor,No,3.31,No,2.9,70,20000,-0.41000000000000014,4,3,0.9523809523809523
2018,Male,23,2017,BCSE,14,No,Yes,5,2,Online,No,Yes,4,Intermediate,85,Yes,No,Yes,Web development,1,Software,Single,Yes,Family,No,2.96,No,3.06,136,20000,0.10000000000000009,10,6,0.7843137254901962
2022,Male,20,2020,BCSE,2,Yes,Yes,3,2,Offline,Yes,Yes,4,Basic,100,No,No,No,Programming,2,Software,Single,No,Family,No,3.68,No,3.68,11,35000,0.0,6,5,1.2903225806451613
2022,Female,20,2018,BCSE,2,No,Yes,4,2,Online,Yes,Yes,6,Basic,100,No,No,Yes,Programming,2,Software,Single,Yes,Family,No,3.78,No,3.78,11,4000,0.0,8,6,1.4634146341463417
2020,Male,21,2019,BCSE,7,Yes,No,4,3,Offline,Yes,Yes,1,Intermediate,95,No,No,No,Programming,3,Software,Single,Yes,Bachelor,Yes,3.87,No,3.68,86,15000,-0.18999999999999995,12,7,0.24390243902439027
2021,Male,21,2019,BCSE,4,Yes,Yes,10,2,Offline,Yes,Yes,2,Basic,95,Yes,Yes,No,Programming,2,NETWORKING,Single,No,Family,No,2.68,No,2.47,25,40000,-0.20999999999999996,20,12,0.19801980198019803
2022,Male,21,2020,BCSE,2,Yes,Yes,3,2,Offline,Yes,Yes,2,Intermediate,90,No,No,Yes,Programming,1,Software,Single,No,Family,No,3.9,No,3.9,11,20000,0.0,6,4,0.6451612903225806
2018,Male,24,2017,BCSE,13,No,No,2,1,Online,Yes,Yes,2,Advance,90,No,No,No,Web development,4,Hardware,Engaged,No,Family,No,2.65,No,2.97,130,62488,0.3200000000000003,2,6,0.9523809523809523
2020,Male,22,2019,BCSE,8,No,No,2,1,Offline,Yes,Yes,3,Intermediate,87,No,No,No,Programming,1,Cybersecurity,Single,No,Bachelor,No,3.29,No,3.65,100,100000,0.3599999999999999,2,3,1.4285714285714286
2020,Female,20,2019,BCSE,8,No,Yes,3,2,Online,Yes,Yes,2,Intermediate,97,No,No,Yes,Web development,2,Machine Learning,Single,Yes,Family,No,3.14,No,3.62,95,48400,0.48,6,5,0.6451612903225806
2017,Male,24,2016,BCSE,17,No,No,4,2,Offline,Yes,Yes,8,Intermediate,80,Yes,Yes,Yes,Web development,10,Software,Single,No,Family,Yes,3.15,No,3.39,140,30000,0.2400000000000002,8,14,1.9512195121951221
2020,Female,21,2019,BCSE,8,Yes,Yes,2,2,Online,Yes,Yes,2,Intermediate,100,No,No,Yes,Web development,3,Software,Single,No,Family,No,3.46,No,3.55,88,80000,0.08999999999999986,4,5,0.9523809523809523
2020,Female,22,2019,BCSE,8,No,No,1,1,Online,Yes,Yes,3,Intermediate,99,No,No,Yes,Software Development,0,Software,Single,No,Family,No,3.32,No,3.17,85,40000,-0.1499999999999999,1,1,2.727272727272727
2020,Female,21,2019,BCSE,7,Yes,Yes,3,1,Offline,Yes,Yes,4,Intermediate,95,No,No,No,Programming,2,Software,Single,No,Family,No,3.21,No,3.36,76,25000,0.1499999999999999,3,5,1.2903225806451613
2022,Male,19,2020,BCSE,2,Yes,No,5,2,Offline,Yes,Yes,2,Basic,100,No,No,Yes,Programming,4,Artificial Intelligence,Single,No,Bachelor,No,3.93,No,3.93,11,15000,0.0,10,9,0.3921568627450981
2019,Male,24,2017,BCSE,11,No,No,6,2,Offline,Yes,Yes,1,Intermediate,90,No,No,No,Web development,3,Software,Single,No,Family,No,3.94,No,3.76,130,40000,-0.18000000000000016,12,9,0.1639344262295082
2021,Female,22,2021,BCSE,3,No,No,4,2,Online,Yes,Yes,3,Intermediate,95,Yes,No,Yes,Programming,2,Software,Single,Yes,Bachelor,No,2.87,No,2.31,24,200000,-0.56,8,6,0.7317073170731708
2021,Male,21,2020,BCSE,5,No,No,3,3,Offline,Yes,Yes,2,Basic,100,No,No,Yes,Programming,2,Software,Single,No,Bachelor,No,3.31,No,3.27,49,30000,-0.040000000000000036,9,5,0.6451612903225806
2022,Female,19,2020,BCSE,2,Yes,Yes,5,2,Online,Yes,Yes,1,Intermediate,99,No,No,Yes,Programming,1,Software,Single,Yes,Family,No,4.0,Yes,4.0,11,35000,0.0,10,6,0.19607843137254904
2022,Male,20,2020,BCSE,2,Yes,No,0,0,Offline,Yes,Yes,4,Basic,100,No,No,No,Programming,1,Software,Single,No,Bachelor,No,4.0,No,4.0,12,20000,0.0,0,1,40.0
2021,Male,20,2020,BCSE,3,Yes,No,1,1,Online,Yes,Yes,2,Intermediate,75,Yes,No,Yes,Programming,1,Machine Learning,Single,No,Bachelor,Yes,2.08,No,2.68,20,50000,0.6000000000000001,1,2,1.8181818181818181
2021,Female,22,2020,BCSE,3,No,Yes,6,2,Offline,Yes,Yes,3,Basic,80,Yes,No,Yes,Programming,2,Software,Single,No,Family,No,2.62,No,2.64,18,5000,0.020000000000000018,12,8,0.49180327868852464
2022,Male,19,2020,BCSE,1,Yes,Yes,2,1,Offline,Yes,Yes,8,Basic,100,No,No,Yes,Web development,2,Software,Single,Yes,Bachelor,No,3.89,No,3.89,12,35000,0.0,2,4,3.8095238095238093
2018,Female,23,2016,BCSE,14,No,Yes,2,1,Offline,Yes,Yes,8,Advance,70,Yes,No,Yes,Networking,1,Machine Learning,Relationship,No,Family,No,2.75,No,2.88,111,70000,0.1299999999999999,2,3,3.8095238095238093
2020,Male,22,2018,BCSE,8,No,No,5,2,Online,No,Yes,2,Intermediate,98,No,No,No,Web development,3,Software,Single,No,Family,No,4.0,No,3.97,87,30000,-0.029999999999999805,10,8,0.3921568627450981
2020,Male,22,2018,BCSE,8,Yes,No,3,2,Online,Yes,Yes,2,Intermediate,95,No,No,No,Web development,2,Software,Single,No,Bachelor,No,3.57,No,3.57,90,40000,0.0,6,5,0.6451612903225806
2020,Female,22,2018,BCSE,8,Yes,No,2,1,Offline,Yes,Yes,2,Intermediate,98,No,No,Yes,Software Development,0,Software,Single,No,Bachelor,Yes,3.19,No,3.41,90,62488,0.2200000000000002,2,2,0.9523809523809523
2019,Male,23,2018,BCSE,11,Yes,No,8,2,Offline,Yes,Yes,2,Intermediate,99,No,No,No,Web development,3,Software,Single,No,Bachelor,No,3.6,No,3.9,130,24000,0.2999999999999998,16,11,0.2469135802469136
2020,Female,20,2019,BCSE,7,No,Yes,6,2,Offline,Yes,Yes,6,Intermediate,85,Yes,No,Yes,Software Development,3,Software,Single,No,Family,No,2.88,No,2.88,68,100000,0.0,12,9,0.9836065573770493
2022,Male,20,2020,BCSE,2,Yes,No,3,2,Offline,Yes,No,6,Basic,90,Yes,No,Yes,Programming,2,Software,Single,No,Bachelor,No,2.74,No,2.74,23,20000,0.0,6,5,1.9354838709677418
2021,Female,20,2019,BCSE,3,No,Yes,5,3,Offline,Yes,No,3,Basic,50,Yes,No,No,Programming,3,Hardware,Single,No,Family,No,1.41,No,2.55,25,10000,1.14,15,8,0.5882352941176471
2019,Female,22,2017,BCSE,11,No,No,5,2,Offline,Yes,Yes,3,Intermediate,100,No,No,Yes,Web development,2,Machine Learning,Single,No,Bachelor,No,3.42,No,3.32,122,40000,-0.10000000000000009,10,7,0.5882352941176471
2019,Female,22,2017,BCSE,11,No,No,5,2,Offline,Yes,Yes,3,Intermediate,99,No,No,Yes,Web development,2,Machine Learning,Single,No,Bachelor,No,3.1,No,3.08,118,40000,-0.020000000000000018,10,7,0.5882352941176471
2020,Male,21,2019,BCSE,8,Yes,No,2,1,Online,Yes,Yes,1,Advance,90,No,No,No,Programming,2,Machine Learning,Single,No,Bachelor,No,3.96,No,3.86,87,120000,-0.10000000000000009,2,4,0.47619047619047616
2022,Male,20,2020,BCSE,2,Yes,No,3,2,Online,Yes,Yes,2,Intermediate,70,No,No,Yes,Programming,1,Data Science,Single,No,Bachelor,No,3.29,No,3.29,11,40000,0.0,6,4,0.6451612903225806
2022,Female,22,2017,BCSE,1,Yes,Yes,3,3,Offline,Yes,Yes,3,Basic,100,No,No,No,Programming,2,Software,Single,No,Family,No,3.75,No,3.75,12,50000,0.0,9,5,0.9677419354838709
2020,Female,21,2019,BCSE,8,Yes,No,5,2,Offline,Yes,Yes,2,Intermediate,100,No,No,Yes,Programming,2,Software,Single,No,Bachelor,No,3.66,No,3.8,87,50000,0.13999999999999968,10,7,0.3921568627450981
2022,Female,20,2019,BCSE,1,Yes,Yes,2,3,Offline,Yes,Yes,1,Basic,97,No,No,Yes,Programming,2,NETWORKING,Single,Yes,Family,No,0.0,No,0.0,0,45000,0.0,6,4,0.47619047619047616
2019,Male,21,2019,BCSE,8,Yes,No,4,2,Offline,Yes,Yes,1,Intermediate,90,No,No,Yes,Cyber security,2,NETWORKING,Single,No,Bachelor,No,3.88,No,3.71,92,30000,-0.16999999999999993,8,6,0.24390243902439027
2020,Male,22,2018,BCSE,8,Yes,Yes,2,1,Online,Yes,Yes,1,Intermediate,90,No,No,No,Programming,2,Software,Single,Yes,Bachelor,No,4.0,No,3.89,75,30000,-0.10999999999999988,2,4,0.47619047619047616
2019,Male,21,2018,BCSE,8,Yes,Yes,2,2,Offline,No,Yes,3,Intermediate,90,No,No,Yes,Web development,2,Software,Single,Yes,Bachelor,No,3.64,No,3.42,100,18000,-0.2200000000000002,4,4,1.4285714285714286
2018,Male,25,2016,BCSE,13,Yes,Yes,2,2,Online,Yes,Yes,3,Intermediate,90,Yes,Yes,Yes,Programming,2,Software,Single,No,Family,No,2.4,No,2.41,86,50000,0.010000000000000231,4,4,1.4285714285714286
2021,Female,20,2020,BCSE,2,No,No,2,1,Offline,Yes,No,3,Basic,90,No,No,No,Programming,2,Software,Single,Yes,Bachelor,Yes,2.67,No,2.67,12,25000,0.0,2,4,1.4285714285714286
2021,Female,22,2018,BCSE,2,Yes,No,4,2,Offline,Yes,Yes,3,Basic,80,Yes,No,Yes,Programming,3,Software,Married,No,Family,Yes,2.86,No,2.86,15,50000,0.0,8,7,0.7317073170731708
2021,Male,20,2020,BCSE,3,Yes,No,1,1,Online,Yes,Yes,2,Intermediate,80,No,No,No,Programming,1,Software,Single,Yes,Bachelor,Yes,2.63,No,3.07,27,25000,0.43999999999999995,1,2,1.8181818181818181
2020,Female,21,2018,BCSE,8,No,Yes,3,2,Online,Yes,Yes,1,Intermediate,96,No,No,Yes,Web development,2,Machine Learning,Single,No,Family,Yes,3.48,No,3.74,87,20000,0.26000000000000023,6,5,0.3225806451612903
2022,Male,19,2020,BCSE,2,Yes,Yes,1,1,Offline,Yes,Yes,4,Intermediate,99,No,No,No,Programming,1,Software,Single,No,Family,No,3.75,No,3.75,12,30000,0.0,1,2,3.6363636363636362
2019,Male,21,2019,BCSE,8,Yes,Yes,2,1,Offline,Yes,Yes,1,Intermediate,95,No,No,Yes,Programming,2,Software,Single,Yes,Family,No,3.94,No,3.88,90,30000,-0.06000000000000005,2,4,0.47619047619047616
2022,Female,21,2019,BCSE,1,Yes,Yes,2,1,Offline,Yes,No,5,Intermediate,100,No,No,Yes,Networking,1,Software,Single,No,Family,No,0.0,No,0.0,0,40000,0.0,2,3,2.380952380952381
2022,Female,20,2020,BCSE,1,Yes,No,2,1,Offline,Yes,Yes,2,Basic,99,No,No,Yes,Programming,2,Software,Single,No,Family,No,4.0,No,4.0,13,62488,0.0,2,4,0.9523809523809523
2020,Female,21,2018,BCSE,8,Yes,No,2,2,Offline,Yes,Yes,2,Intermediate,80,No,No,Yes,Web development,1,Software,Engaged,No,Family,Yes,3.5,No,3.63,87,90000,0.1299999999999999,4,3,0.9523809523809523
2022,Male,19,2020,BCSE,2,Yes,No,3,1,Online,Yes,Yes,2,Basic,85,No,No,No,Cyber security,1,Software,Single,No,Family,No,1.91,No,1.75,6,300000,-0.15999999999999992,3,4,0.6451612903225806
2022,Male,20,2021,BCSE,2,Yes,Yes,2,2,Offline,Yes,Yes,1,Basic,90,No,No,No,i don't,1,Software,Single,No,Family,No,3.85,No,3.85,11,30000,0.0,4,3,0.47619047619047616
2020,Male,22,2019,BCSE,8,No,Yes,1,1,Offline,Yes,Yes,2,Basic,95,No,No,Yes,Video editing,2,Machine Learning,Single,Yes,Bachelor,No,1.97,No,2.77,85,40000,0.8,1,3,1.8181818181818181
2022,Male,20,2020,BCSE,2,Yes,Yes,2,1,Offline,Yes,Yes,2,Intermediate,98,No,No,Yes,Programming,3,Software,Single,No,Family,No,3.51,No,3.51,11,40000,0.0,2,5,0.9523809523809523
2022,Male,21,2019,BCSE,2,No,No,3,2,Offline,Yes,Yes,2,Basic,95,No,No,Yes,Programming,2,Artificial Intelligence,Single,No,Bachelor,No,3.85,No,3.85,11,20000,0.0,6,5,0.6451612903225806
2022,Female,20,2020,BCSE,2,Yes,Yes,3,3,Offline,Yes,Yes,5,Basic,90,No,No,Yes,Programming,2,Software,Single,No,Family,No,4.0,No,4.0,11,50000,0.0,9,5,1.6129032258064515
2022,Male,19,2020,BCSE,2,No,No,4,2,Offline,Yes,Yes,1,Basic,90,No,No,Yes,Programming,1,Artificial Intelligence,Single,No,Bachelor,No,3.21,No,3.21,11,40000,0.0,8,5,0.24390243902439027
2020,Female,22,2019,BCSE,8,Yes,No,3,2,Offline,Yes,Yes,2,Intermediate,95,No,No,Yes,Software Development,2,Hardware,Single,Yes,Family,No,3.15,No,3.65,84,50000,0.5,6,5,0.6451612903225806
2022,Male,21,2020,BCSE,2,Yes,No,4,3,Offline,Yes,Yes,1,Basic,80,Yes,Yes,Yes,Programming,1,Software,Relationship,Yes,Bachelor,Yes,3.1,No,3.1,14,20000,0.0,12,5,0.24390243902439027
2019,Male,23,2016,BCSE,10,Yes,No,1,1,Offline,Yes,Yes,2,Intermediate,90,No,No,Yes,Mentoring,3,Machine Learning,Single,No,Bachelor,No,3.22,No,3.47,95,13500,0.25,1,4,1.8181818181818181
2021,Female,22,2019,BCSE,3,Yes,Yes,3,2,Offline,Yes,Yes,4,Intermediate,70,No,No,No,Programming,2,Machine Learning,Single,No,Family,No,3.52,No,3.77,23,25000,0.25,6,5,1.2903225806451613
2021,Female,20,2020,BCSE,3,Yes,No,2,2,Offline,Yes,Yes,2,Intermediate,85,No,No,Yes,Programming,1,Software,Single,No,Family,No,3.24,No,3.32,23,80000,0.07999999999999963,4,3,0.9523809523809523
2019,Male,23,2017,BCSE,11,No,Yes,10,3,Offline,Yes,Yes,2,Intermediate,90,No,No,No,Programming,4,Software,Single,Yes,Bachelor,Yes,3.94,Yes,3.95,126,25000,0.010000000000000231,30,14,0.19801980198019803
2020,Female,22,2018,BCSE,8,No,No,4,1,Online,Yes,Yes,7,Intermediate,80,No,No,No,Graphics design,1,Machine Learning,Single,Yes,Family,No,2.5,No,2.85,90,70000,0.3500000000000001,4,5,1.707317073170732
2020,Female,21,2018,BCSE,8,No,Yes,3,1,Offline,Yes,Yes,3,Basic,88,No,No,No,graphic design,5,NETWORKING,Single,No,Bachelor,Yes,2.65,No,2.85,70,35000,0.20000000000000018,3,8,0.9677419354838709
2021,Male,20,2020,BCSE,2,Yes,Yes,1,4,Online,Yes,No,6,Intermediate,80,No,No,No,Software Development,1,Software,Single,No,Family,No,2.91,No,2.91,11,25000,0.0,4,2,5.454545454545454
2015,Male,26,2014,BCSE,22,No,Yes,5,4,Offline,Yes,Yes,1,Intermediate,100,Yes,Yes,Yes,Programming,1,Software,Single,No,Bachelor,No,3.22,No,2.83,103,25000,-0.3900000000000001,20,6,0.19607843137254904
2020,Male,21,2019,BCSE,7,Yes,Yes,1,1,Offline,Yes,Yes,1,Basic,100,No,No,No,Web development,1,Software,Single,Yes,Family,No,3.67,No,3.48,75,62488,-0.18999999999999995,1,2,0.9090909090909091
2022,Female,21,2019,BCSE,2,Yes,No,1,2,Offline,Yes,Yes,2,Intermediate,99,No,No,No,Programming,2,Software,Single,No,Bachelor,No,4.0,No,4.0,12,30000,0.0,2,3,1.8181818181818181
2022,Male,21,2020,BCSE,2,Yes,Yes,3,1,Offline,Yes,Yes,5,Basic,95,No,No,Yes,Programming,1,Machine Learning,Single,Yes,Family,No,3.92,No,3.92,12,35000,0.0,3,4,1.6129032258064515
2019,Male,23,2018,BCSE,11,No,No,6,2,Online,Yes,Yes,6,Advance,90,No,No,Yes,Web development,5,UI/UX,Single,No,Bachelor,No,3.02,No,3.05,123,40000,0.029999999999999805,12,11,0.9836065573770493
2020,Female,21,2019,BCSE,8,No,Yes,13,2,Online,Yes,Yes,1,Advance,100,No,No,No,Programming,2,NETWORKING,Single,No,Family,No,3.77,No,3.69,88,5000,-0.08000000000000007,26,15,0.07633587786259542
2021,Male,21,2020,BCSE,4,No,Yes,2,1,Offline,Yes,Yes,3,Intermediate,96,No,No,Yes,Programming,1,Software,Single,Yes,Family,No,3.89,No,3.7,35,90000,-0.18999999999999995,2,3,1.4285714285714286
2014,Female,25,2013,BCSE,15,No,Yes,4,3,Offline,Yes,Yes,1,Intermediate,90,Yes,No,Yes,Networking,2,Software,Married,No,Family,No,3.06,No,2.86,140,40000,-0.20000000000000018,12,6,0.24390243902439027
2019,Male,21,2019,BCSE,8,No,Yes,1,2,Online,Yes,Yes,4,Intermediate,57,Yes,No,No,Programming,3,Software,Single,Yes,Family,Yes,3.66,No,3.01,77,45000,-0.6500000000000004,2,4,3.6363636363636362
2020,Female,22,2018,BCSE,8,Yes,Yes,3,1,Offline,Yes,Yes,3,Basic,100,Yes,No,Yes,Networking,4,NETWORKING,Single,No,Bachelor,No,2.15,No,2.54,70,25000,0.3900000000000001,3,7,0.9677419354838709
2017,Male,24,2017,BCSE,9,Yes,Yes,1,1,Online,Yes,Yes,1,Intermediate,85,No,No,No,Programming,2,Software,Single,No,Family,No,3.39,No,3.29,90,40000,-0.10000000000000009,1,3,0.9090909090909091
2019,Female,22,2018,BCSE,11,No,No,2,1,Offline,Yes,Yes,2,Intermediate,95,No,No,Yes,Web development,1,Software,Single,No,Family,No,3.78,No,3.54,125,60000,-0.23999999999999977,2,3,0.9523809523809523
2017,Male,25,2016,BCSE,16,No,Yes,6,3,Online,Yes,Yes,4,Intermediate,90,No,No,Yes,Software Development,4,Software,Single,Yes,Family,No,3.51,No,3.51,143,100000,0.0,18,10,0.6557377049180328
2020,Male,22,2016,BCSE,7,No,Yes,1,1,Offline,Yes,Yes,2,Intermediate,60,No,No,Yes,Programming,1,Hardware,Single,No,Bachelor,Yes,2.92,No,2.9,58,62488,-0.020000000000000018,1,2,1.8181818181818181
2019,Female,21,2019,BCSE,8,No,Yes,5,2,Offline,Yes,Yes,3,Advance,90,Yes,No,Yes,Networking,2,NETWORKING,Engaged,Yes,Bachelor,No,2.13,No,2.45,87,40000,0.3200000000000003,10,7,0.5882352941176471
2020,Male,22,2019,BCSE,7,No,No,2,1,Offline,Yes,Yes,2,Intermediate,80,No,No,No,Programming,1,Software,Single,No,Bachelor,Yes,3.4,No,2.8,80,35000,-0.6000000000000001,2,3,0.9523809523809523
2022,Female,20,2020,BCSE,1,Yes,Yes,3,2,Offline,Yes,Yes,2,Intermediate,98,No,No,Yes,Programming,1,Software,Single,Yes,Family,No,0.0,No,0.0,0,30000,0.0,6,4,0.6451612903225806
2020,Female,21,2019,BCSE,8,Yes,Yes,2,2,Offline,Yes,Yes,1,Intermediate,80,No,No,Yes,Machine Learning,3,Machine Learning,Single,Yes,Family,Yes,3.4,No,3.5,87,40000,0.10000000000000009,4,5,0.47619047619047616
2021,Male,20,2020,BCSE,4,No,Yes,1,1,Offline,Yes,Yes,1,Basic,100,No,No,Yes,Market Analysis,1,Software,Single,Yes,Family,No,2.59,No,3.01,24,40000,0.41999999999999993,1,2,0.9090909090909091
2020,Female,21,2019,BCSE,8,Yes,No,2,1,Offline,Yes,Yes,3,Intermediate,97,No,No,Yes,Programming,1,Software,Single,Yes,Family,No,3.78,No,3.77,87,15000,-0.009999999999999787,2,3,1.4285714285714286
2022,Male,20,2020,BCSE,2,Yes,Yes,2,1,Online,Yes,Yes,10,Basic,95,No,No,No,Programming,2,Software,Single,No,Family,No,1.75,No,1.75,11,30000,0.0,2,4,4.761904761904762
2020,Male,22,2019,BCSE,7,No,No,0,0,Offline,Yes,Yes,2,Intermediate,98,No,No,No,Programming,0,Hardware,Single,Yes,Bachelor,Yes,3.4,No,3.65,75,50000,0.25,0,0,20.0
2021,Female,21,2021,BCSE,3,Yes,No,7,2,Offline,Yes,Yes,3,Basic,99,Yes,Yes,Yes,Programming,1,Hardware,Single,No,Bachelor,No,1.52,No,1.64,8,60000,0.11999999999999988,14,8,0.4225352112676057
2019,Female,22,2018,BCSE,11,No,Yes,2,1,Offline,Yes,Yes,4,Advance,90,No,No,Yes,Programming,3,NETWORKING,Single,Yes,Family,Yes,3.66,No,3.37,123,60000,-0.29000000000000004,2,5,1.9047619047619047
2020,Male,20,2019,BCSE,8,No,No,1,3,Offline,Yes,Yes,2,Intermediate,90,Yes,No,No,Web development,3,Web Development,Single,Yes,Bachelor,No,3.5,No,3.12,90,25000,-0.3799999999999999,3,4,1.8181818181818181
2019,Female,23,2017,BCSE,11,No,Yes,2,1,Offline,Yes,Yes,4,Intermediate,70,No,No,Yes,Programming,2,Software,Single,Yes,Family,No,3.59,No,3.55,123,50000,-0.040000000000000036,2,4,1.9047619047619047
2021,Male,20,2019,BCSE,3,Yes,No,4,2,Offline,Yes,Yes,3,Basic,100,No,No,Yes,Programming,3,Software,Single,No,Bachelor,No,3.03,No,3.03,23,7000,0.0,8,7,0.7317073170731708
2020,Male,23,2018,BCSE,8,Yes,No,2,3,Offline,Yes,Yes,2,Basic,90,No,No,Yes,Programming,1,Software,Single,No,Bachelor,Yes,3.94,No,3.9,91,20000,-0.040000000000000036,6,3,0.9523809523809523
2021,Male,21,2020,BCSE,2,Yes,Yes,3,2,Offline,Yes,Yes,2,Intermediate,95,No,No,Yes,Programming,3,Hardware,Single,Yes,Family,No,4.0,No,4.0,12,40000,0.0,6,6,0.6451612903225806
2020,Female,22,2019,BCSE,7,No,Yes,3,2,Offline,Yes,Yes,4,Intermediate,97,No,No,Yes,Programming,3,Hardware,Single,No,Family,No,3.49,No,3.44,80,45000,-0.050000000000000266,6,6,1.2903225806451613
2020,Female,21,2019,BCSE,8,Yes,Yes,1,3,Online,Yes,Yes,1,Intermediate,90,No,No,Yes,Cyber security,1,UI/UX,Single,Yes,Family,Yes,3.0,No,3.1,87,30000,0.10000000000000009,3,2,0.9090909090909091
2019,Male,24,2018,BCSE,11,No,Yes,3,2,Online,Yes,Yes,1,Intermediate,91,No,No,Yes,Web development,6,Hardware,Single,Yes,Family,No,3.45,No,3.34,117,19000,-0.11000000000000032,6,9,0.3225806451612903
2020,Male,20,2019,BCSE,6,No,No,2,1,Offline,Yes,Yes,4,Intermediate,90,No,No,No,Programming,2,NETWORKING,Single,No,Family,Yes,3.58,No,3.5,72,50000,-0.08000000000000007,2,4,1.9047619047619047
2019,Female,21,2018,BCSE,11,No,No,4,3,Online,Yes,Yes,3,Advance,80,Yes,Yes,Yes,Programming,1,NETWORKING,Married,No,Family,No,2.96,No,2.61,96,100000,-0.3500000000000001,12,5,0.7317073170731708
2021,Female,21,2019,BCSE,3,Yes,No,2,1,Offline,Yes,Yes,2,Intermediate,90,No,No,Yes,Programming,1,Software,Single,Yes,Bachelor,No,3.38,No,3.53,24,40000,0.1499999999999999,2,3,0.9523809523809523
2021,Female,20,2020,BCSE,3,Yes,No,2,1,Offline,Yes,Yes,3,Intermediate,95,No,No,Yes,Programming,1,Software,Single,Yes,Bachelor,No,3.12,No,3.07,24,50000,-0.050000000000000266,2,3,1.4285714285714286
2018,Male,24,2017,BCSE,13,No,No,3,1,Online,Yes,Yes,2,Basic,98,Yes,No,Yes,Programming,2,UI/UX,Married,No,Bachelor,No,2.86,No,2.88,133,30000,0.020000000000000018,3,5,0.6451612903225806
2019,Female,20,2019,BCSE,10,No,No,4,2,Offline,Yes,Yes,1,Basic,90,No,No,Yes,Web development,1,Data Science,Single,No,Family,No,3.1,No,3.27,88,45000,0.16999999999999993,8,5,0.24390243902439027
2021,Male,23,2020,BCSE,2,Yes,Yes,1,2,Offline,Yes,Yes,1,Intermediate,95,No,No,No,Programming,2,Software,Single,No,Family,No,3.92,No,3.92,11,20000,0.0,2,3,0.9090909090909091
2018,Male,24,2017,BCSE,14,No,No,3,3,Offline,Yes,Yes,5,Advance,95,Yes,No,No,Programming,2,Software,Relationship,No,Family,No,2.76,No,2.64,136,25000,-0.11999999999999966,9,5,1.6129032258064515
2019,Female,22,2018,BCSE,10,Yes,No,2,1,Offline,Yes,Yes,6,Intermediate,70,No,No,Yes,Python,1,Machine Learning,Single,Yes,Bachelor,Yes,3.52,No,3.78,112,62488,0.2599999999999998,2,3,2.857142857142857
2019,Male,23,2017,BCSE,11,Yes,No,3,2,Offline,No,Yes,1,Intermediate,90,No,No,No,Web development,3,Software,Relationship,Yes,Bachelor,No,4.0,No,3.9,123,25000,-0.10000000000000009,6,6,0.3225806451612903
2020,Male,23,2019,BCSE,8,Yes,Yes,3,1,Offline,Yes,Yes,3,Advance,90,No,No,No,Programming,2,Machine Learning,Single,No,Family,No,3.84,No,3.78,90,62488,-0.06000000000000005,3,5,0.9677419354838709
2019,Female,22,2018,BCSE,11,No,Yes,1,1,Offline,Yes,Yes,6,Intermediate,86,No,No,No,Programming,2,Software,Single,No,Family,No,3.44,No,3.46,125,300000,0.020000000000000018,1,3,5.454545454545454
2019,Male,21,2018,BCSE,10,No,Yes,3,3,Online,Yes,Yes,2,Basic,99,No,No,Yes,Programming,1,Software,Single,No,Bachelor,No,3.11,No,3.0,105,62488,-0.10999999999999988,9,4,0.6451612903225806
2022,Male,21,2020,BCSE,2,Yes,Yes,4,1,Offline,Yes,Yes,2,Basic,100,No,No,Yes,Programming,1,Software,Single,Yes,Bachelor,No,2.98,No,2.98,11,30000,0.0,4,5,0.48780487804878053
2022,Male,20,2020,BCSE,2,Yes,No,3,2,Offline,Yes,Yes,6,Basic,100,No,No,No,Programming,3,Software,Single,No,Bachelor,No,3.43,No,3.43,12,25000,0.0,6,6,1.9354838709677418
2022,Male,21,2020,BCSE,2,Yes,No,9,3,Offline,Yes,Yes,3,Advance,90,No,No,Yes,Programming,2,Software,Single,Yes,Bachelor,No,3.98,No,3.98,28,40000,0.0,27,11,0.32967032967032966
2013,Female,26,2012,BCSE,9,No,Yes,2,2,Offline,Yes,Yes,2,Basic,90,Yes,No,Yes,Networking,3,NETWORKING,Married,Yes,Family,No,3.08,No,3.15,89,50000,0.06999999999999984,4,5,0.9523809523809523
2019,Female,22,2017,BCSE,11,No,No,2,2,Online,Yes,Yes,2,Intermediate,100,No,No,Yes,Programming,5,Machine Learning,Single,Yes,Family,Yes,3.1,No,3.16,122,20000,0.06000000000000005,4,7,0.9523809523809523
2021,Male,19,2020,BCSE,4,No,Yes,3,2,Offline,Yes,Yes,1,Basic,95,Yes,No,No,Problem solving,1,Software,Single,No,Family,No,2.37,No,2.46,31,50000,0.08999999999999986,6,4,0.3225806451612903
2022,Male,20,2018,BCSE,1,Yes,No,4,2,Offline,Yes,Yes,2,Intermediate,85,No,No,No,Programming,2,Software,Single,Yes,Bachelor,No,0.0,No,0.0,0,30000,0.0,8,6,0.48780487804878053
2022,Male,21,2019,BCSE,2,Yes,No,1,2,Offline,Yes,Yes,2,Basic,90,No,No,No,Programming,1,Software,Single,No,Bachelor,No,3.58,No,3.58,12,40000,0.0,2,2,1.8181818181818181
2019,Male,22,2019,BCSE,8,Yes,Yes,4,2,Offline,Yes,Yes,3,Advance,100,No,Yes,Yes,Programming,4,NETWORKING,Single,Yes,Bachelor,Yes,3.36,Yes,3.47,87,80000,0.11000000000000032,8,8,0.7317073170731708
2022,Female,18,2021,BCSE,1,Yes,Yes,3,2,Offline,Yes,Yes,2,Advance,95,No,No,Yes,Haven't started yet,1,Software,Single,No,Family,No,0.0,No,0.0,0,150000,0.0,6,4,0.6451612903225806
2022,Female,20,2021,BCSE,1,Yes,No,2,2,Online,Yes,Yes,1,Intermediate,95,No,No,Yes,Haven't started yet,2,Software,Single,No,Family,No,0.0,No,0.0,0,45000,0.0,4,4,0.47619047619047616
2022,Male,19,2021,BCSE,1,Yes,Yes,4,2,Offline,Yes,Yes,2,Basic,62,No,No,Yes,Web development,2,Software,Single,Yes,Bachelor,No,0.0,No,0.0,0,20000,0.0,8,6,0.48780487804878053
2021,Male,22,2020,BCSE,5,No,Yes,3,3,Offline,Yes,Yes,3,Intermediate,90,Yes,No,Yes,Programming,2,Software,Single,Yes,Bachelor,Yes,2.9,No,2.19,36,60000,-0.71,9,5,0.9677419354838709
2022,Male,20,2019,BCSE,2,No,No,4,2,Offline,Yes,Yes,3,Intermediate,90,No,No,Yes,Programming,1,Software,Single,Yes,Bachelor,No,3.32,No,3.25,12,30000,-0.06999999999999984,8,5,0.7317073170731708
2020,Male,22,2019,BCSE,8,No,No,6,2,Offline,Yes,Yes,2,Intermediate,0,Yes,No,Yes,Programming,1,Software,Single,No,Bachelor,No,3.3,No,3.15,90,36000,-0.1499999999999999,12,7,0.3278688524590164
2019,Male,23,2017,BCSE,10,No,No,4,2,Offline,Yes,Yes,3,Intermediate,95,No,No,No,Programming,6,Software,Single,No,Bachelor,No,3.92,No,3.78,123,30000,-0.14000000000000012,8,10,0.7317073170731708
2014,Female,25,2013,BCSE,24,No,No,1,1,Online,Yes,Yes,12,Intermediate,80,Yes,Yes,Yes,Software Development,4,Software,Married,No,Family,Yes,2.8,Yes,2.5,115,20000,-0.2999999999999998,1,5,10.909090909090908
2022,Male,21,2020,BCSE,2,Yes,No,3,2,Online,Yes,No,3,Intermediate,98,Yes,No,Yes,Programming,2,Software,Single,Yes,Bachelor,No,3.33,No,2.9,12,20000,-0.43000000000000016,6,5,0.9677419354838709
2020,Male,22,2017,BCSE,8,Yes,No,3,2,Offline,Yes,Yes,1,Intermediate,87,No,No,No,Web development,3,Software,Single,No,Bachelor,No,3.54,No,3.4,87,30000,-0.14000000000000012,6,6,0.3225806451612903
2020,Male,23,2018,BCSE,8,Yes,Yes,5,6,Offline,Yes,Yes,2,Intermediate,98,No,No,No,Programming,2,NETWORKING,Single,No,Bachelor,No,3.66,No,3.81,87,38000,0.1499999999999999,30,7,0.3921568627450981
2019,Male,24,2018,BCSE,11,No,No,2,2,Offline,Yes,Yes,2,Intermediate,80,No,No,Yes,Software Development,3,Software,Single,Yes,Bachelor,No,3.78,No,3.13,124,15000,-0.6499999999999999,4,5,0.9523809523809523
2020,Male,21,2019,BCSE,8,No,No,5,4,Offline,Yes,Yes,3,Intermediate,99,No,No,Yes,Programming,1,Software,Single,Yes,Family,Yes,3.82,No,3.81,89,15000,-0.009999999999999787,20,6,0.5882352941176471
2019,Female,23,2018,BCSE,11,Yes,Yes,4,1,Offline,Yes,Yes,1,Intermediate,95,No,No,Yes,Networking,4,NETWORKING,Single,Yes,Bachelor,Yes,4.0,No,3.93,118,50000,-0.06999999999999984,4,8,0.24390243902439027
2022,Male,19,2020,BCSE,2,Yes,No,4,2,Offline,Yes,Yes,1,Basic,80,No,No,Yes,Programming,2,Software,Single,Yes,Bachelor,Yes,3.54,No,3.54,11,20000,0.0,8,6,0.24390243902439027
2022,Male,21,2019,BCSE,2,Yes,No,4,2,Offline,Yes,Yes,2,Basic,95,No,No,Yes,Programming,2,Software,Single,No,Bachelor,No,2.55,No,2.55,11,20000,0.0,8,6,0.48780487804878053
2018,Male,25,2016,BCSE,12,Yes,No,3,2,Offline,Yes,Yes,2,Advance,90,No,No,No,Web development,2,Software,Single,No,Bachelor,Yes,3.4,Yes,3.4,136,12000,0.0,6,5,0.6451612903225806
2019,Female,22,2017,BCSE,11,No,No,3,1,Online,Yes,Yes,5,Intermediate,90,No,No,No,Software Development,2,Software,Single,No,Bachelor,No,3.65,No,3.59,126,30000,-0.06000000000000005,3,5,1.6129032258064515
2020,Female,21,2019,BCSE,8,Yes,Yes,3,2,Offline,Yes,Yes,4,Intermediate,94,No,No,No,Programming,2,Machine Learning,Single,No,Family,No,3.62,No,3.62,85,30000,0.0,6,5,1.2903225806451613
2019,Male,20,2018,BCSE,9,No,Yes,2,2,Offline,Yes,Yes,1,Basic,90,No,No,No,Learning frontend,1,NETWORKING,Single,No,Family,No,3.7,No,3.45,101,30000,-0.25,4,3,0.47619047619047616
2020,Female,21,2019,BCSE,7,Yes,Yes,3,2,Online,Yes,Yes,2,Intermediate,95,No,No,Yes,Programming,1,Software,Single,Yes,Family,No,3.5,No,3.5,89,55000,0.0,6,4,0.6451612903225806
2022,Male,21,2020,BCSE,2,Yes,Yes,5,2,Online,Yes,Yes,3,Intermediate,100,No,No,Yes,Programming,4,Competitive programming,Single,No,Family,No,3.48,No,3.48,11,50000,0.0,10,9,0.5882352941176471
2019,Male,22,2018,BCSE,10,No,No,3,2,Offline,Yes,No,3,Intermediate,100,No,No,Yes,Networking,2,NETWORKING,Relationship,Yes,Bachelor,No,3.01,No,2.92,112,50000,-0.08999999999999986,6,5,0.9677419354838709
2018,Male,25,2016,BCSE,11,Yes,Yes,4,2,Offline,Yes,Yes,3,Intermediate,100,No,No,Yes,Web development,2,Software,Single,Yes,Family,No,3.86,No,3.56,129,60000,-0.2999999999999998,8,6,0.7317073170731708
2019,Male,23,2017,BCSE,10,Yes,Yes,4,4,Online,Yes,Yes,10,Intermediate,98,No,No,Yes,Programming,2,Software,Relationship,No,Family,No,3.38,No,3.81,117,15000,0.43000000000000016,16,6,2.439024390243903
2020,Female,22,2019,BCSE,8,Yes,Yes,5,1,Offline,Yes,Yes,2,Intermediate,90,No,No,Yes,Programming,1,Software,Married,No,Family,No,3.07,No,3.42,75,500000,0.3500000000000001,5,6,0.3921568627450981
2019,Female,23,2017,BCSE,11,Yes,Yes,3,2,Offline,Yes,Yes,5,Intermediate,96,No,No,No,Programming,3,NETWORKING,Single,No,Family,No,3.59,No,3.56,119,20000,-0.029999999999999805,6,6,1.6129032258064515
2019,Male,25,2017,BCSE,11,No,No,2,1,Offline,Yes,Yes,6,Intermediate,90,No,No,Yes,Programming,4,Software,Single,Yes,Bachelor,No,2.59,No,3.06,130,50000,0.4700000000000002,2,6,2.857142857142857
2019,Male,23,2018,BCSE,11,No,No,2,3,Offline,Yes,Yes,2,Intermediate,99,Yes,No,No,Web development,0,Hardware,Single,No,Bachelor,No,3.3,No,3.24,130,15000,-0.05999999999999961,6,2,0.9523809523809523
2019,Female,22,2018,BCSE,11,Yes,Yes,4,4,Offline,Yes,Yes,10,Intermediate,99,No,No,Yes,Web development,2,NETWORKING,Single,Yes,Family,No,3.72,No,3.78,127,62488,0.05999999999999961,16,6,2.439024390243903
2022,Male,19,2020,BCSE,1,Yes,Yes,3,2,Offline,Yes,Yes,2,Basic,100,No,No,Yes,Programming,1,Software,Single,No,Family,No,3.9,No,3.9,11,40000,0.0,6,4,0.6451612903225806
2018,Male,23,2016,BCSE,13,No,No,2,2,Offline,Yes,Yes,5,Basic,75,Yes,Yes,Yes,Programming,1,Hardware,Single,Yes,Bachelor,No,2.55,No,2.65,120,20000,0.10000000000000009,4,3,2.380952380952381
2021,Male,20,2020,BCSE,4,Yes,No,4,2,Offline,Yes,Yes,2,Basic,85,No,No,No,Programming,3,Software,Single,No,Bachelor,No,3.0,No,2.8,36,20000,-0.20000000000000018,8,7,0.48780487804878053
2021,Male,22,2021,BCSE,4,Yes,No,4,2,Online,Yes,Yes,2,Basic,80,Yes,No,Yes,Programming,1,Software,Single,No,Bachelor,No,2.0,No,2.59,24,25000,0.5899999999999999,8,5,0.48780487804878053
2019,Female,22,2018,BCSE,11,Yes,No,5,2,Offline,Yes,Yes,2,Intermediate,95,No,No,Yes,Programming,4,Software,Single,No,Bachelor,Yes,3.96,No,3.9,135,200000,-0.06000000000000005,10,9,0.3921568627450981
2022,Male,20,2020,BCSE,2,Yes,Yes,2,2,Offline,Yes,Yes,1,Intermediate,80,No,No,Yes,Programming,1,Software,Single,No,Bachelor,No,3.7,No,3.7,10,25000,0.0,4,3,0.47619047619047616
2022,Male,19,2020,BCSE,1,No,No,5,2,Online,Yes,Yes,7,Basic,90,No,No,No,Programming,3,Software,Single,No,Family,No,3.3,No,3.3,11,35000,0.0,10,8,1.3725490196078431
2020,Male,22,2019,BCSE,7,No,No,5,2,Offline,Yes,Yes,2,Intermediate,95,No,No,No,Programming,2,Software,Single,Yes,Bachelor,Yes,3.2,No,3.51,90,62488,0.3099999999999996,10,7,0.3921568627450981
2021,Male,21,2020,BCSE,3,Yes,Yes,4,2,Offline,Yes,Yes,3,Intermediate,90,No,No,Yes,Web development,4,Software,Single,No,Family,No,3.57,No,3.67,23,35000,0.10000000000000009,8,8,0.7317073170731708
2019,Female,22,2018,BCSE,11,No,Yes,3,2,Offline,Yes,Yes,1,Intermediate,100,No,No,Yes,Programming,1,Software,Single,Yes,Family,No,3.37,No,3.11,140,40000,-0.26000000000000023,6,4,0.3225806451612903
2021,Male,21,2020,BCSE,3,Yes,No,4,2,Offline,Yes,Yes,1,Advance,97,Yes,No,Yes,Programming,2,Software,Single,Yes,Bachelor,No,3.17,No,2.85,20,30000,-0.31999999999999984,8,6,0.24390243902439027
2022,Male,19,2020,BCSE,1,No,No,1,1,Offline,Yes,Yes,1,Basic,90,No,No,Yes,Programming,1,Software,Single,No,Bachelor,No,3.5,No,3.45,11,10000,-0.04999999999999982,1,2,0.9090909090909091
2022,Male,20,2020,BCSE,1,No,No,4,2,Offline,Yes,Yes,1,Basic,90,No,No,Yes,Programming,3,Software,Single,No,Bachelor,No,3.78,No,3.78,28,25000,0.0,8,7,0.24390243902439027
2019,Male,25,2017,BCSE,10,Yes,Yes,2,2,Offline,Yes,Yes,1,Intermediate,87,No,No,Yes,Programming,3,Software,Single,Yes,Bachelor,Yes,3.9,No,3.59,128,40000,-0.31000000000000005,4,5,0.47619047619047616
2021,Male,21,2020,BCSE,3,No,Yes,4,2,Offline,Yes,Yes,4,Intermediate,50,No,No,No,Programming,1,Software,Single,No,Family,No,2.94,No,2.5,23,62488,-0.43999999999999995,8,5,0.9756097560975611
2021,Female,21,2020,BCSE,5,Yes,Yes,3,2,Offline,Yes,Yes,5,Basic,80,No,No,No,Programming,2,Software,Single,No,Family,No,2.89,No,2.8,65,20000,-0.0900000000000003,6,5,1.6129032258064515
2021,Female,22,2020,BCSE,4,No,No,4,2,Offline,Yes,Yes,2,Intermediate,90,No,No,No,Programming,1,Software,Single,No,Bachelor,No,1.8,No,2.56,23,20000,0.76,8,5,0.48780487804878053
2020,Female,22,2019,BCSE,8,No,No,4,3,Online,Yes,Yes,3,Intermediate,85,No,No,No,Programming,4,Hardware,Single,No,Bachelor,No,2.78,No,3.75,78,30000,0.9700000000000002,12,8,0.7317073170731708
2022,Female,20,2021,BCSE,6,No,No,1,2,Offline,Yes,No,2,Basic,100,Yes,No,Yes,Programming,4,Data Science,Single,No,Family,No,1.45,No,2.38,50,30000,0.9299999999999999,2,5,1.8181818181818181
2019,Female,25,2018,BCSE,10,No,No,5,3,Online,Yes,Yes,2,Intermediate,100,No,No,Yes,Cyber security,2,Data Science,Relationship,Yes,Bachelor,No,2.45,No,3.54,116,34000,1.0899999999999999,15,7,0.3921568627450981
2019,Male,23,2019,BCSE,10,Yes,No,6,3,Offline,Yes,No,4,Advance,80,No,No,No,Programming,1,Software,Single,Yes,Family,No,1.45,No,2.45,116,35000,1.0000000000000002,18,7,0.6557377049180328
2021,Female,20,2019,BCSE,6,No,No,3,2,Offline,Yes,Yes,7,Intermediate,100,No,No,No,Machine Learning,2,Hardware,Single,No,Family,No,2.0,No,3.19,78,35000,1.19,6,5,2.258064516129032
2020,Male,24,2018,BCSE,11,Yes,No,1,2,Offline,Yes,Yes,8,Advance,100,No,No,Yes,Programming,2,Hardware,Single,No,Bachelor,No,2.89,No,3.99,140,36000,1.1,2,3,7.2727272727272725
2020,Female,20,2019,BCSE,10,No,No,2,1,Offline,Yes,Yes,8,Intermediate,70,No,No,Yes,Cyber security,1,Data Science,Relationship,No,Bachelor,No,2.88,No,3.75,116,36000,0.8700000000000001,2,3,3.8095238095238093
2021,Male,20,2020,BCSE,7,No,No,3,2,Offline,Yes,Yes,7,Basic,60,Yes,No,Yes,Programming,2,Software,Single,Yes,Bachelor,No,1.87,No,2.98,101,37000,1.1099999999999999,6,5,2.258064516129032
2020,Male,20,2020,BCSE,9,No,No,1,1,Offline,Yes,No,3,Advance,54,Yes,No,Yes,Networking,3,Hardware,Single,Yes,Family,No,2.44,No,3.53,127,39000,1.0899999999999999,1,4,2.727272727272727
2019,Female,22,2019,BCSE,10,No,No,4,2,Offline,Yes,No,2,Intermediate,90,No,No,Yes,Programming,1,Software,Single,No,Family,Yes,2.8,No,3.65,126,40000,0.8500000000000001,8,5,0.48780487804878053
2019,Male,21,2019,BCSE,7,No,No,6,3,Online,Yes,Yes,2,Intermediate,100,No,No,Yes,Programming,2,Artificial Intelligence,Single,No,Family,No,2.11,No,3.47,103,40000,1.3600000000000003,18,8,0.3278688524590164
2022,Male,22,2021,BCSE,5,No,No,4,1,Offline,Yes,Yes,3,Advance,87,No,No,No,Machine Learning,2,Data Science,Married,No,Bachelor,No,2.37,No,3.49,67,41000,1.12,4,6,0.7317073170731708
2021,Male,23,2019,BCSE,9,No,No,3,1,Offline,Yes,Yes,3,Intermediate,87,Yes,No,No,Networking,2,Hardware,Married,No,Family,No,2.75,No,3.8,116,44000,1.0499999999999998,3,5,0.9677419354838709
2021,Female,21,2020,BCSE,9,No,No,3,2,Online,Yes,Yes,4,Intermediate,100,No,No,Yes,Cyber security,3,Software,Relationship,No,Bachelor,No,1.98,No,2.91,117,44000,0.9300000000000002,6,6,1.2903225806451613
2020,Female,20,2020,BCSE,11,No,No,2,1,Online,Yes,Yes,3,Intermediate,100,No,No,Yes,Networking,2,Hardware,Single,Yes,Family,No,2.64,No,3.7,136,44000,1.06,2,4,1.4285714285714286
2019,Male,22,2018,BCSE,9,No,No,6,2,Online,Yes,Yes,11,Intermediate,77,No,No,No,Networking,6,UI/UX,Single,Yes,Bachelor,No,1.77,No,2.66,133,45000,0.8900000000000001,12,12,1.8032786885245902
2022,Female,21,2020,BCSE,5,No,No,4,2,Offline,Yes,Yes,7,Intermediate,95,No,No,No,Programming,1,Data Science,Single,Yes,Family,No,2.19,No,2.77,42,45000,0.5800000000000001,8,5,1.707317073170732
2021,Male,22,2020,BCSE,6,Yes,No,5,5,Online,Yes,Yes,7,Advance,70,Yes,Yes,Yes,Web development,3,Hardware,Relationship,Yes,Bachelor,No,2.19,No,3.19,63,45000,1.0,25,8,1.3725490196078431
2020,Female,20,2020,BCSE,8,No,No,3,1,Online,Yes,Yes,9,Intermediate,86,Yes,No,No,Programming,2,Data Science,Single,No,Bachelor,Yes,1.98,No,2.98,119,45000,1.0,3,5,2.903225806451613
2021,Female,20,2020,BCSE,9,No,No,4,2,Offline,Yes,Yes,2,Intermediate,78,Yes,No,No,Machine Learning,4,Data Science,Relationship,Yes,Family,No,1.83,No,2.9,97,45000,1.0699999999999998,8,8,0.48780487804878053
2020,Female,21,2019,BCSE,9,No,No,3,1,Online,Yes,Yes,9,Intermediate,100,No,No,Yes,Web development,2,Software,In a relationship,No,Bachelor,No,1.87,No,2.82,139,46000,0.9499999999999997,3,5,2.903225806451613
2020,Female,25,2019,BCSE,11,No,No,1,1,Online,Yes,Yes,3,Intermediate,68,No,No,No,Programming,2,UI/UX,Single,No,Bachelor,No,2.65,No,3.71,136,49000,1.06,1,3,2.727272727272727
2020,Female,23,2018,BCSE,11,Yes,No,6,2,Offline,Yes,Yes,4,Advance,90,Yes,No,Yes,Programming,5,Software,Single,No,Family,No,2.19,No,3.45,122,50000,1.2600000000000002,12,11,0.6557377049180328
2022,Male,24,2019,BCSE,4,Yes,No,3,2,Offline,Yes,Yes,4,Intermediate,100,No,No,Yes,Networking,1,Software,Single,No,Family,No,2.5,No,3.4,46,50000,0.8999999999999999,6,4,1.2903225806451613
2020,Male,25,2019,BCSE,11,No,No,2,1,Offline,Yes,Yes,3,Intermediate,100,Yes,No,No,Networking,4,Hardware,Relationship,No,Bachelor,No,2.82,No,3.85,136,50000,1.0300000000000002,2,6,1.4285714285714286
2020,Female,22,2020,BCSE,8,No,No,2,1,Online,Yes,Yes,2,Basic,50,Yes,No,No,Cyber security,2,Data Science,Relationship,No,Bachelor,No,1.34,No,2.68,98,50000,1.34,2,4,0.9523809523809523
2022,Female,19,2021,BCSE,5,No,No,1,1,Offline,Yes,Yes,4,Basic,78,No,No,Yes,Programming,2,UI/UX,Single,No,Bachelor,No,2.68,No,3.79,80,50000,1.1099999999999999,1,3,3.6363636363636362
2019,Female,22,2017,BCSE,10,No,No,2,1,Online,Yes,Yes,1,Intermediate,80,Yes,No,No,Networking,1,Data Science,Relationship,Yes,Family,no,1.97,No,2.98,79,52000,1.01,2,3,0.47619047619047616
2021,Female,20,2020,BCSE,9,Yes,No,5,2,Offline,Yes,Yes,3,Advance,100,No,No,No,Web development,4,Data Science,Single,No,Family,No,2.76,No,3.86,127,52000,1.1,10,9,0.5882352941176471
2019,Female,25,2019,BCSE,10,No,No,4,2,Offline,Yes,Yes,7,Advance,45,No,No,Yes,Programming,2,Software,Single,Yes,Family,No,1.72,No,2.79,140,54000,1.07,8,6,1.707317073170732
2020,Male,21,2020,BCSE,10,No,No,2,2,Offline,Yes,Yes,2,Basic,100,No,No,No,Cyber security,4,Data Science,Single,Yes,Bachelor,No,2.62,No,3.75,136,55000,1.13,4,6,0.9523809523809523
2021,Female,20,2020,BCSE,7,No,No,2,1,Offline,Yes,Yes,2,Advance,87,No,No,No,Networking,4,Hardware,Relationship,No,Bachelor,No,1.51,No,2.59,99,55000,1.0799999999999998,2,6,0.9523809523809523
2022,Female,22,2021,BCSE,5,No,No,2,3,Offline,Yes,No,2,Intermediate,95,Yes,No,No,Networking,2,Hardware,Single,No,Bachelor,No,1.45,No,2.53,65,55000,1.0799999999999998,6,4,0.9523809523809523
2022,Male,21,2021,BCSE,5,No,No,2,1,Offline,Yes,No,4,Intermediate,100,No,No,No,Machine Learning,2,UI/UX,Single,No,Bachelor,No,2.16,No,3.24,66,57000,1.08,2,4,1.9047619047619047
2022,Male,21,2021,BCSE,6,No,No,2,1,Offline,Yes,Yes,2,Intermediate,100,Yes,No,No,Web development,2,Software,Married,Yes,Family,No,2.56,No,3.62,65,58000,1.06,2,4,0.9523809523809523
2019,Male,21,2018,BCSE,11,Yes,No,1,1,Offline,Yes,Yes,7,Advance,100,No,No,Yes,Programming,3,UI/UX,Single,No,Bachelor,No,1.97,No,3.1,136,59000,1.1300000000000001,1,4,6.363636363636363
2020,Female,23,2019,BCSE,7,No,No,2,2,Offline,Yes,Yes,3,Intermediate,90,Yes,No,No,Networking,1,Data Science,Relationship,Yes,Family,No,2.33,No,3.31,32,60000,0.98,4,3,1.4285714285714286
2020,Female,20,2020,BCSE,11,No,No,2,1,Offline,Yes,Yes,3,Intermediate,100,Yes,No,No,Networking,2,Hardware,Single,No,Bachelor,No,1.6,No,2.68,136,60000,1.08,2,4,1.4285714285714286
2021,Male,20,2021,BCSE,7,No,No,4,3,Offline,Yes,Yes,6,Intermediate,80,No,No,No,Machine Learning,3,Hardware,Relationship,Yes,Bachelor,No,2.11,No,3.22,97,60000,1.1100000000000003,12,7,1.4634146341463417
2021,Female,20,2021,BCSE,7,No,No,3,1,Online,Yes,Yes,7,Basic,100,Yes,Yes,No,Programming,2,Software,Single,Yes,Bachelor,No,1.19,No,2.16,103,60000,0.9700000000000002,3,5,2.258064516129032
2020,Male,21,2019,BCSE,9,No,No,4,2,Online,Yes,Yes,5,Advance,100,No,No,Yes,Machine Learning,2,Software,Single,No,Bachelor,No,2.65,No,3.78,121,61000,1.13,8,6,1.2195121951219514
2020,Male,20,2020,BCSE,10,No,No,2,2,Offline,Yes,Yes,2,Intermediate,100,Yes,No,Yes,Artificial Intelligence,1,Data Science,Relationship,Yes,Bachelor,No,2.67,No,3.7,135,61000,1.0300000000000002,4,3,0.9523809523809523
2020,Male,24,2019,BCSE,11,No,No,3,3,Online,Yes,Yes,3,Intermediate,46,Yes,No,No,Cyber security,2,Data Science,Single,No,Family,No,2.44,No,3.51,144,64000,1.0699999999999998,9,5,0.9677419354838709
2020,Male,24,2019,BCSE,11,No,No,3,3,Offline,Yes,Yes,3,Advance,75,Yes,No,Yes,Networking,1,Hardware,Relationship,Yes,Bachelor,No,1.65,No,2.68,143,65000,1.0300000000000002,9,4,0.9677419354838709
2020,Male,25,2019,BCSE,10,No,No,2,2,Offline,Yes,Yes,3,Intermediate,78,No,No,No,Cyber security,2,Data Science,Single,Yes,Bachelor,No,2.54,No,3.61,78,65000,1.0699999999999998,4,4,1.4285714285714286
2020,Male,20,2020,BCSE,11,No,No,2,1,Online,Yes,Yes,2,Advance,100,Yes,No,No,Cyber security,2,Data Science,Married,Yes,Family,No,2.5,No,3.61,136,65000,1.1099999999999999,2,4,0.9523809523809523
2021,Female,20,2020,BCSE,6,No,No,4,2,Online,Yes,Yes,8,Intermediate,100,No,No,No,Web development,2,Software,Relationship,Yes,Family,No,2.07,No,3.39,84,66000,1.3200000000000003,8,6,1.9512195121951221
2020,Female,20,2020,BCSE,8,No,No,4,2,Online,Yes,Yes,6,Advance,100,No,No,Yes,Web development,1,UI/UX,Single,No,Family,No,1.77,No,2.64,119,66000,0.8700000000000001,8,5,1.4634146341463417
2021,Male,20,2020,BCSE,7,Yes,No,3,1,Offline,Yes,Yes,5,Intermediate,90,No,No,No,Networking,2,Hardware,Single,No,Bachelor,No,2.11,No,3.21,102,66000,1.1,3,5,1.6129032258064515
2022,Female,21,2021,BCSE,5,No,No,2,1,Offline,Yes,No,2,Intermediate,46,Yes,No,Yes,Artificial Intelligence,4,Data Science,Single,Yes,Bachelor,No,2.33,No,3.41,63,66000,1.08,2,6,0.9523809523809523
2022,Female,20,2021,BCSE,5,No,No,3,1,Offline,Yes,Yes,3,Basic,100,Yes,No,Yes,Web development,4,Software,Relationship,Yes,Bachelor,No,2.77,No,3.84,58,66000,1.0699999999999998,3,7,0.9677419354838709
2019,Male,21,2018,BCSE,11,Yes,No,4,4,Offline,Yes,Yes,2,Advance,100,No,No,Yes,Programming,3,Software,Single,No,Family,No,2.87,No,3.98,136,67000,1.1099999999999999,16,7,0.48780487804878053
2019,Male,22,2017,BCSE,10,No,No,3,1,Online,Yes,Yes,7,Intermediate,100,No,No,No,Web development,2,Software,Single,No,Bachelor,No,2.19,No,3.43,116,68000,1.2400000000000002,3,5,2.258064516129032
2020,Male,22,2019,BCSE,10,No,No,2,1,Offline,Yes,Yes,8,Advance,100,No,No,Yes,Artificial Intelligence,2,Hardware,Single,No,Family,No,2.11,No,3.39,132,68000,1.2800000000000002,2,4,3.8095238095238093
2020,Male,25,2019,BCSE,11,No,No,1,2,Offline,Yes,Yes,2,Intermediate,51,No,No,Yes,Artificial Intelligence,4,Data Science,Single,Yes,Bachelor,Yes,2.51,No,3.57,136,68000,1.06,2,5,1.8181818181818181
2020,Male,22,2019,BCSE,9,No,No,3,2,Online,Yes,Yes,3,Basic,100,No,No,No,Networking,2,Hardware,Single,Yes,Bachelor,No,2.22,No,3.38,100,68000,1.1599999999999997,6,5,0.9677419354838709
2021,Female,20,2020,BCSE,8,No,No,2,2,Offline,Yes,Yes,2,Intermediate,34,Yes,No,No,Cyber security,3,Data Science,Single,No,Bachelor,No,1.86,No,2.91,88,68000,1.05,4,5,0.9523809523809523
2021,Female,22,2021,BCSE,9,No,No,1,1,Offline,Yes,No,8,Basic,50,No,No,No,Artificial Intelligence,1,Data Science,Married,Yes,Family,No,1.87,No,2.95,100,68000,1.08,1,2,7.2727272727272725
2022,Female,21,2021,BCSE,8,Yes,No,5,2,Online,Yes,Yes,3,Basic,87,No,No,Yes,Cyber security,2,Data Science,Single,No,Bachelor,No,2.88,No,3.91,88,68000,1.0300000000000002,10,7,0.5882352941176471
2020,Female,23,2018,BCSE,10,No,No,3,3,Online,Yes,Yes,6,Intermediate,99,Yes,Yes,No,Web development,1,Data Science,Single,No,Family,No,1.91,No,3.1,123,70000,1.1900000000000002,9,4,1.9354838709677418
2021,Female,20,2020,BCSE,8,No,No,3,3,Online,Yes,Yes,2,Intermediate,100,No,No,No,Programming,2,UI/UX,Relationship,No,Family,No,1.81,No,2.9,101,70000,1.0899999999999999,9,5,0.6451612903225806
2022,Male,20,2020,BCSE,6,No,No,2,2,Offline,Yes,Yes,2,Intermediate,56,Yes,No,Yes,Programming,2,UI/UX,Single,No,Family,Yes,1.72,No,2.8,80,70000,1.0799999999999998,4,4,0.9523809523809523
2021,Female,20,2020,BCSE,9,No,No,1,1,Offline,Yes,Yes,3,Intermediate,76,No,No,Yes,Web development,2,Software,Relationship,No,Bachelor,No,1.56,No,2.63,70,70000,1.0699999999999998,1,3,2.727272727272727
2021,Female,24,2021,BCSE,6,No,No,1,1,Offline,Yes,Yes,4,Basic,100,No,No,No,Programming,2,Software,Single,Yes,Family,Yes,2.23,No,3.39,98,70000,1.1600000000000001,1,3,3.6363636363636362
2022,Female,21,2021,BCSE,6,No,No,2,1,Offline,Yes,Yes,3,Intermediate,100,Yes,No,Yes,Networking,2,Hardware,Relationship,No,Bachelor,No,2.67,No,3.74,70,70000,1.0700000000000003,2,4,1.4285714285714286
2022,Female,19,2022,BCSE,3,No,No,4,3,Online,Yes,Yes,4,Intermediate,63,No,No,No,Web development,2,Software,Relationship,No,Bachelor,Yes,1.65,No,2.87,35,70000,1.2200000000000002,12,6,0.9756097560975611
2021,Female,20,2020,BCSE,9,No,No,2,1,Online,Yes,Yes,6,Advance,90,No,No,Yes,Machine Learning,2,Software,Relationship,No,Family,No,2.44,No,3.88,23,71000,1.44,2,4,2.857142857142857
2022,Male,20,2021,BCSE,6,No,No,4,2,Offline,Yes,Yes,3,Intermediate,68,Yes,No,No,Networking,4,Hardware,Married,Yes,Family,No,1.56,No,2.63,70,74000,1.0699999999999998,8,8,0.7317073170731708
2020,Female,21,2019,BCSE,10,No,No,6,2,Offline,Yes,Yes,4,Intermediate,80,No,No,No,Networking,4,Hardware,Relationship,No,Bachelor,Yes,2.21,No,3.21,116,75000,1.0,12,10,0.6557377049180328
2020,Male,20,2020,BCSE,11,No,No,1,3,Offline,Yes,Yes,3,Intermediate,100,No,No,No,Networking,1,Hardware,Relationship,No,Bachelor,No,2.61,No,3.68,136,75000,1.0700000000000003,3,2,2.727272727272727
2021,Female,24,2019,BCSE,10,No,No,3,3,Offline,Yes,Yes,2,Basic,100,No,No,Yes,Artificial Intelligence,2,Data Science,Relationship,No,Bachelor,No,2.41,No,3.5,116,76000,1.0899999999999999,9,5,0.6451612903225806
2021,Female,20,2020,BCSE,9,No,No,2,3,Online,Yes,Yes,3,Advance,100,Yes,No,No,Cyber security,2,Data Science,Single,Yes,Family,No,1.57,No,2.66,100,76000,1.09,6,4,1.4285714285714286
2021,Male,20,2020,BCSE,9,Yes,No,4,1,Offline,Yes,Yes,2,Advance,100,Yes,No,Yes,Machine Learning,2,Data Science,Relationship,Yes,Bachelor,No,2.73,No,3.8,100,76000,1.0699999999999998,4,6,0.48780487804878053
2020,Male,22,2020,BCSE,9,No,No,2,1,Offline,Yes,Yes,2,Advance,100,Yes,No,Yes,Networking,4,Hardware,Married,No,Family,Yes,2.87,No,3.93,100,76000,1.06,2,6,0.9523809523809523
2022,Male,20,2021,BCSE,5,No,No,3,2,Online,Yes,Yes,3,Intermediate,100,No,No,No,Networking,3,Hardware,Single,No,Bachelor,No,1.56,No,2.66,71,76000,1.1,6,6,0.9677419354838709
2022,Male,25,2018,BCSE,6,No,No,3,2,Online,Yes,Yes,8,Advance,100,No,No,No,Programming,3,UI/UX,Single,No,Bachelor,Yes,2.87,No,3.98,143,77000,1.1099999999999999,6,6,2.5806451612903225
2021,Male,23,2019,BCSE,8,No,No,3,1,Online,Yes,Yes,7,Advance,89,No,No,No,Machine Learning,1,Data Science,Single,No,Bachelor,No,1.79,No,2.85,104,77000,1.06,3,4,2.258064516129032
2019,Male,21,2019,BCSE,10,Yes,No,7,3,Online,Yes,Yes,3,Advance,100,No,No,No,Programming,2,UI/UX,Single,No,Family,No,2.88,No,3.93,139,77000,1.0500000000000003,21,9,0.4225352112676057
2020,Female,22,2019,BCSE,9,No,No,4,2,Offline,Yes,Yes,2,Intermediate,100,Yes,No,No,Artificial Intelligence,1,Data Science,Relationship,No,Bachelor,Yes,2.78,No,3.84,120,77000,1.06,8,5,0.48780487804878053
2021,Female,22,2020,BCSE,6,Yes,No,1,1,Online,Yes,Yes,4,Basic,98,No,No,No,Cyber security,3,Hardware,Relationship,Yes,Family,Yes,2.36,Yes,3.19,70,77000,0.8300000000000001,1,4,3.6363636363636362
2020,Female,21,2020,BCSE,7,No,No,3,2,Offline,Yes,Yes,4,Intermediate,100,No,No,Yes,Machine Learning,3,Software,Single,No,Family,No,2.03,No,3.15,65,78000,1.12,6,6,1.2903225806451613
2018,Female,25,2018,BCSE,11,Yes,No,5,3,Offline,Yes,Yes,1,Basic,78,Yes,No,Yes,Artificial Intelligence,4,Software,Single,Yes,Bachelor,No,2.83,No,3.9,143,79000,1.0699999999999998,15,9,0.19607843137254904
2020,Female,20,2019,BCSE,7,Yes,No,5,3,Offline,Yes,Yes,4,Advance,100,No,No,No,Networking,1,UI/UX,Single,Yes,Family,No,2.44,No,3.78,88,79000,1.3399999999999999,15,6,0.7843137254901962
2021,Male,20,2020,BCSE,7,No,No,5,3,Offline,Yes,Yes,5,Intermediate,50,No,No,Yes,Web development,3,UI/UX,Single,No,Family,No,1.66,No,2.99,97,79000,1.3300000000000003,15,8,0.9803921568627452
2019,Male,21,2018,BCSE,10,No,Yes,6,4,Offline,Yes,Yes,3,Advance,80,No,No,No,Cyber security,2,UI/UX,Single,Yes,Family,No,2.54,No,3.76,126,80000,1.2199999999999998,24,8,0.49180327868852464
2020,Female,22,2019,BCSE,11,Yes,No,2,1,Online,Yes,Yes,4,Intermediate,99,No,No,No,Programming,1,Hardware,Single,No,Family,No,2.79,No,3.59,125,80000,0.7999999999999998,2,3,1.9047619047619047
2019,Male,20,2019,BCSE,11,No,No,2,1,Offline,Yes,Yes,6,Basic,77,Yes,Yes,Yes,Cyber security,2,Hardware,Relationship,No,Bachelor,No,1.55,No,2.67,144,80000,1.1199999999999999,2,4,2.857142857142857
2021,Male,21,2020,BCSE,8,No,No,4,2,Offline,Yes,Yes,2,Advance,100,Yes,No,No,Networking,2,Data Science,Single,No,Family,Yes,1.25,No,2.57,101,80000,1.3199999999999998,8,6,0.48780487804878053
2020,Female,20,2020,BCSE,10,No,No,4,2,Offline,Yes,Yes,2,Advance,100,No,No,No,Networking,2,Hardware,Single,No,Bachelor,no,2.56,No,3.61,131,80000,1.0499999999999998,8,6,0.48780487804878053
2022,Male,20,2021,BCSE,8,No,No,4,1,Offline,Yes,Yes,3,Intermediate,100,Yes,No,No,Networking,1,Hardware,Single,Yes,Family,No,2.64,No,3.7,99,81000,1.06,4,5,0.7317073170731708
2020,Male,20,2020,BCSE,10,Yes,No,3,2,Offline,Yes,Yes,7,Advance,78,No,No,No,Cyber security,2,Data Science,Married,Yes,Family,Yes,1.45,No,2.67,142,82000,1.22,6,5,2.258064516129032
2020,Male,21,2018,BCSE,10,No,No,3,2,Offline,Yes,Yes,3,Basic,70,No,No,No,Programming,3,UI/UX,Relationship,No,Bachelor,Yes,1.56,No,2.87,133,85000,1.31,6,6,0.9677419354838709
2022,Female,21,2021,BCSE,6,Yes,No,6,2,Offline,Yes,Yes,5,Intermediate,70,No,No,Yes,Programming,5,UI/UX,Relationship,No,Family,No,2.1,No,3.37,86,85000,1.27,12,11,0.819672131147541
2022,Female,20,2022,BCSE,3,No,No,2,1,Online,Yes,No,3,Intermediate,60,No,No,No,Artificial Intelligence,1,Hardware,Married,No,Family,No,2.1,No,3.28,77,85000,1.1799999999999997,2,3,1.4285714285714286
2021,Female,20,2020,BCSE,10,No,No,2,2,Online,Yes,Yes,2,Intermediate,100,Yes,No,Yes,Artificial Intelligence,4,Data Science,Married,No,Family,No,1.54,No,2.64,137,86000,1.1,4,6,0.9523809523809523
2019,Male,24,2019,BCSE,10,No,No,1,3,Offline,Yes,Yes,2,Basic,80,Yes,Yes,Yes,Programming,1,Software,Relationship,Yes,Family,Yes,2.39,No,3.43,45,87000,1.04,3,2,1.8181818181818181
2020,Female,21,2020,BCSE,8,No,No,4,3,Online,Yes,Yes,2,Advance,80,No,No,No,Cyber security,3,UI/UX,Married,No,Family,No,2.51,No,3.87,103,87000,1.3600000000000003,12,7,0.48780487804878053
2020,Male,21,2020,BCSE,11,Yes,No,2,2,Offline,Yes,Yes,1,Basic,79,No,No,No,Machine Learning,2,Data Science,Single,Yes,Bachelor,No,2.81,No,3.89,143,87000,1.08,4,4,0.47619047619047616
2021,Female,20,2020,BCSE,9,No,No,2,1,Offline,Yes,Yes,2,Advance,88,No,No,Yes,Programming,1,UI/UX,Single,No,Bachelor,No,2.45,No,3.54,117,88000,1.0899999999999999,2,3,0.9523809523809523
2021,Male,20,2021,BCSE,8,No,No,3,1,Offline,Yes,Yes,3,Intermediate,100,Yes,No,No,Artificial Intelligence,2,Data Science,Single,Yes,Family,Yes,2.66,No,3.72,98,88000,1.06,3,5,0.9677419354838709
2020,Female,21,2019,BCSE,9,Yes,No,6,1,Offline,No,Yes,4,Intermediate,80,No,No,Yes,Programming,1,UI/UX,Relationship,Yes,Family,Yes,2.04,No,3.23,100,89000,1.19,6,7,0.6557377049180328
2021,Male,21,2020,BCSE,8,No,No,4,2,Online,Yes,Yes,6,Advance,100,No,Yes,No,Web development,2,Software,Single,Yes,Bachelor,No,2.29,No,3.56,100,89000,1.27,8,6,1.4634146341463417
2021,Male,20,2020,BCSE,8,No,No,4,2,Offline,Yes,Yes,7,Advance,88,No,No,Yes,Machine Learning,3,Software,Single,No,Family,No,2.55,No,3.77,137,89000,1.2200000000000002,8,7,1.707317073170732
2018,Male,22,2017,BCSE,11,Yes,No,4,2,Offline,Yes,Yes,2,Advance,100,No,No,Yes,Programming,3,UI/UX,Single,Yes,Bachelor,Yes,2.9,No,3.89,135,90000,0.9900000000000002,8,7,0.48780487804878053
2019,Male,25,2018,BCSE,11,No,No,3,2,Offline,Yes,Yes,3,Intermediate,100,No,No,No,Web development,2,Software,Relationship,Yes,Bachelor,No,2.34,No,3.42,143,90000,1.08,6,5,0.9677419354838709
2020,Male,21,2019,BCSE,10,No,No,3,2,Online,Yes,Yes,4,Advance,100,No,No,Yes,Cyber security,2,Data Science,Married,No,Family,No,2.08,No,3.11,138,90000,1.0299999999999998,6,5,1.2903225806451613
2021,Female,20,2020,BCSE,9,No,No,3,1,Online,Yes,Yes,10,Advance,100,No,No,Yes,Networking,3,Hardware,Married,No,Family,No,2.51,No,3.5,130,90000,0.9900000000000002,3,6,3.225806451612903
2022,Female,21,2021,BCSE,5,No,No,4,1,Online,Yes,Yes,8,Intermediate,100,No,No,No,Machine Learning,3,Software,Single,No,Family,No,2.13,No,3.33,107,90000,1.2000000000000002,4,7,1.9512195121951221
2019,Male,25,2018,BCSE,11,No,No,2,1,Offline,Yes,Yes,2,Intermediate,35,No,Yes,No,Cyber security,1,Data Science,Single,No,Bachelor,No,1.43,No,2.56,143,91000,1.1300000000000001,2,3,0.9523809523809523
2022,Female,20,2020,BCSE,4,No,No,2,3,Offline,Yes,Yes,3,Intermediate,100,Yes,No,No,Programming,1,UI/UX,Married,Yes,Family,No,1.26,No,2.33,59,93000,1.07,6,3,1.4285714285714286
2021,Female,20,2020,BCSE,9,No,No,2,3,Offline,Yes,Yes,3,Advance,56,Yes,No,Yes,Networking,4,Hardware,Single,No,Bachelor,No,1.56,No,2.6,130,95000,1.04,6,6,1.4285714285714286
2020,Male,23,2019,BCSE,10,No,No,2,3,Offline,Yes,Yes,1,Basic,100,No,No,No,Programming,4,UI/UX,Single,No,Bachelor,No,1.75,No,2.81,137,98000,1.06,6,6,0.47619047619047616
2019,Male,25,2018,BCSE,11,No,No,2,1,Offline,Yes,Yes,7,Basic,100,No,No,No,Programming,3,Software,Married,Yes,Family,No,1.76,No,2.87,144,100000,1.11,2,5,3.333333333333333
2021,Male,21,2019,BCSE,5,No,No,6,2,Online,Yes,Yes,4,Intermediate,100,Yes,No,Yes,Cyber security,2,Data Science,Single,Yes,Bachelor,No,1.34,No,2.53,96,100000,1.1899999999999997,12,8,0.6557377049180328
2020,Male,21,2019,BCSE,8,No,No,5,3,Offline,Yes,Yes,4,Advance,100,No,No,Yes,Programming,3,UI/UX,Single,No,Bachelor,No,2.91,No,3.95,119,100000,1.04,15,8,0.7843137254901962
2020,Male,22,2019,BCSE,10,No,No,2,3,Online,Yes,Yes,2,Intermediate,45,Yes,No,No,Networking,4,Hardware,Relationship,Yes,Family,Yes,2.46,No,3.52,140,100000,1.06,6,6,0.9523809523809523
2021,Female,20,2020,BCSE,5,No,No,3,1,Offline,Yes,Yes,7,Intermediate,70,No,No,No,Cyber security,3,Software,Relationship,No,Bachelor,No,1.67,No,2.98,75,100000,1.31,3,6,2.258064516129032
2023,Female,20,2021,BCSE,2,Yes,No,2,4,Offline,Yes,Yes,2,Intermediate,100,No,No,Yes,Programming,3,Hardware,Relationship,Yes,Family,Yes,2.66,Yes,2.66,12,100000,0.0,8,5,0.9523809523809523
2018,Male,24,2018,BCSE,10,No,No,1,3,Online,Yes,Yes,3,Advance,65,Yes,No,No,Artificial Intelligence,2,Data Science,Single,Yes,Family,N,2.65,No,3.68,140,110000,1.0300000000000002,3,3,2.727272727272727
2022,Male,20,2020,BCSE,6,No,No,2,1,Offline,Yes,Yes,5,Intermediate,100,No,No,No,Networking,4,Hardware,Single,No,Family,No,2.8,No,3.91,77,110000,1.1100000000000003,2,6,2.380952380952381
2021,Female,20,2020,BCSE,8,No,No,5,3,Offline,Yes,Yes,6,Intermediate,100,No,No,No,Networking,1,Hardware,Married,Yes,Family,No,1.46,No,2.67,101,110000,1.21,15,6,1.1764705882352942
2021,Female,21,2020,BCSE,10,No,No,2,3,Offline,Yes,Yes,2,Intermediate,89,Yes,No,No,Programming,4,UI/UX,Single,No,Bachelor,No,1.67,No,2.73,134,110000,1.06,6,6,0.9523809523809523
2022,Male,20,2021,BCSE,6,No,No,3,3,Offline,Yes,Yes,3,Advance,62,Yes,No,No,Artificial Intelligence,1,Data Science,Single,Yes,Bachelor,No,1.35,No,2.58,77,114000,1.23,9,4,0.9677419354838709
2021,Male,21,2020,BCSE,7,No,No,3,1,Offline,Yes,Yes,2,Advance,78,No,No,No,Web development,2,Software,Relationship,No,Family,No,2.56,No,3.66,88,115000,1.1,3,5,0.6451612903225806
2022,Female,19,2022,BCSE,3,No,No,1,1,Online,Yes,Yes,5,Advance,100,No,No,No,Cyber security,3,UI/UX,Single,No,Family,No,2.67,No,3.78,32,115000,1.1099999999999999,1,4,4.545454545454545
2022,Female,20,2020,BCSE,5,No,No,2,2,Offline,Yes,Yes,1,Advance,41,No,No,Yes,Machine Learning,2,Data Science,Single,Yes,Bachelor,No,2.56,No,3.61,68,116000,1.0499999999999998,4,4,0.47619047619047616
2020,Male,25,2019,BCSE,10,No,No,2,3,Offline,Yes,Yes,2,Intermediate,86,Yes,No,No,Networking,2,Hardware,Single,No,Bachelor,No,2.67,No,3.75,140,117000,1.08,6,4,0.9523809523809523
2022,Male,20,2021,BCSE,6,No,No,3,3,Offline,Yes,Yes,2,Basic,100,No,No,Yes,Web development,1,Software,Relationship,No,Bachelor,No,2.46,No,3.55,89,120000,1.0899999999999999,9,4,0.6451612903225806
2020,Male,24,2019,BCSE,10,No,No,1,2,Offline,Yes,Yes,3,Intermediate,83,Yes,No,Yes,Networking,2,Hardware,Married,Yes,Family,No,1.44,No,2.65,136,123000,1.21,2,3,2.727272727272727
2020,Female,24,2019,BCSE,11,No,No,3,2,Offline,Yes,Yes,1,Basic,100,No,No,No,Web development,4,Software,Relationship,Yes,Bachelor,No,2.53,No,3.62,143,128000,1.0900000000000003,6,7,0.3225806451612903
2019,Female,25,2019,BCSE,11,No,No,2,2,Offline,Yes,Yes,5,Basic,100,No,No,No,Programming,3,Software,Single,Yes,Family,No,2.79,No,3.88,141,130000,1.0899999999999999,4,5,2.380952380952381
2021,Female,20,2020,BCSE,9,Yes,No,3,1,Offline,Yes,Yes,3,Intermediate,100,Yes,No,Yes,Web development,4,Software,Single,Yes,Family,No,2.75,No,3.82,103,130000,1.0699999999999998,3,7,0.9677419354838709
2022,Male,21,2021,BCSE,6,No,No,1,3,Offline,Yes,Yes,2,Advance,100,Yes,No,No,Programming,4,UI/UX,Married,Yes,Family,Yes,1.68,No,2.73,88,130000,1.05,3,5,1.8181818181818181
2022,Female,20,2021,BCSE,5,No,No,4,1,Online,Yes,Yes,2,Intermediate,77,Yes,No,Yes,Programming,4,Software,Married,No,Family,No,1.67,No,2.77,58,130000,1.1,4,8,0.48780487804878053
2020,Male,20,2020,BCSE,10,Yes,No,2,2,Offline,Yes,Yes,3,Advance,84,No,No,Yes,Web development,4,Software,Relationship,No,Bachelor,No,1.76,No,2.8,122,134000,1.0399999999999998,4,6,1.4285714285714286
2021,Female,25,2019,BCSE,10,No,No,4,2,Online,Yes,Yes,4,Advance,100,No,No,Yes,Networking,2,Hardware,Relationship,No,Bachelor,No,2.88,No,3.9,139,135000,1.02,8,6,0.9756097560975611
2020,Male,20,2020,BCSE,11,No,No,2,1,Offline,Yes,Yes,3,Basic,100,Yes,No,No,Networking,2,Hardware,Single,No,Bachelor,No,2.54,No,3.61,143,135000,1.0699999999999998,2,4,1.4285714285714286
2021,Female,22,2020,BCSE,9,No,No,4,2,Offline,Yes,Yes,1,Advance,100,Yes,Yes,No,Cyber security,2,Data Science,Married,Yes,Family,No,1.76,No,2.82,121,135000,1.0599999999999998,8,6,0.24390243902439027
2020,Male,21,2020,BCSE,8,No,No,3,2,Offline,Yes,Yes,2,Intermediate,100,No,No,No,Artificial Intelligence,2,Data Science,Single,Yes,Family,Yes,2.54,No,3.64,97,135000,1.1,6,5,0.6451612903225806
2019,Male,25,2018,BCSE,11,No,No,3,2,Offline,Yes,Yes,2,Intermediate,100,No,No,Yes,Networking,1,Hardware,Single,Yes,Family,No,1.54,No,2.68,143,144000,1.1400000000000001,6,4,0.6451612903225806
2021,Female,21,2020,BCSE,9,No,No,2,1,Offline,Yes,Yes,2,Intermediate,35,No,No,No,Machine Learning,2,Data Science,Relationship,Yes,Bachelor,Yes,1.46,No,2.5,119,144000,1.04,2,4,0.9523809523809523
2019,Male,22,2019,BCSE,11,Yes,No,6,3,Offline,Yes,Yes,7,Advance,100,No,No,No,Cyber security,4,Data Science,Single,No,Family,No,2.91,No,3.97,141,150000,1.06,18,10,1.1475409836065575
2021,Female,20,2020,BCSE,9,No,No,3,3,Online,Yes,Yes,3,Advance,100,No,No,No,Networking,2,Hardware,Relationship,Yes,Bachelor,No,1.8,No,2.89,116,155000,1.09,9,5,0.9677419354838709
2021,Female,20,2020,BCSE,8,Yes,No,5,2,Offline,Yes,Yes,3,Intermediate,100,No,No,No,Web development,4,Software,Relationship,Yes,Bachelor,No,2.78,No,3.8,89,158000,1.02,10,9,0.5882352941176471
2021,Female,21,2021,BCSE,5,Yes,No,3,2,Offline,Yes,Yes,8,Advance,67,No,No,Yes,Programming,2,Software,Single,Yes,Family,No,1.65,No,2.56,64,165000,0.9100000000000001,6,5,2.5806451612903225
2020,Female,22,2019,BCSE,8,Yes,No,2,1,Offline,Yes,Yes,4,Advance,100,No,No,No,Programming,2,UI/UX,Single,Yes,Family,No,2.32,No,3.87,113,170000,1.5500000000000003,2,4,1.9047619047619047
2020,Female,25,2019,BCSE,11,No,No,3,3,Online,Yes,Yes,1,Advance,35,No,No,No,Networking,2,Hardware,Relationship,No,Bachelor,No,1.57,No,2.63,143,170000,1.0599999999999998,9,5,0.3225806451612903
2021,Female,20,2020,BCSE,8,Yes,No,3,3,Offline,Yes,Yes,3,Intermediate,100,Yes,No,No,Artificial Intelligence,4,Data Science,Single,Yes,Family,No,2.85,No,3.93,100,190000,1.08,9,7,0.9677419354838709
2020,Male,21,2020,BCSE,10,No,No,3,2,Offline,Yes,Yes,1,Intermediate,68,No,No,No,Networking,4,Hardware,Married,No,Family,No,2.74,No,3.84,137,190000,1.0999999999999996,6,7,0.3225806451612903
2020,Female,22,2020,BCSE,7,No,No,3,2,Offline,Yes,Yes,7,Intermediate,100,No,Yes,No,Web development,3,UI/UX,Single,Yes,Bachelor,No,2.13,No,3.03,107,235000,0.8999999999999999,6,6,2.258064516129032
2021,Female,20,2021,BCSE,5,Yes,No,6,2,Offline,Yes,Yes,1,Advance,100,No,No,No,Programming,4,UI/UX,Single,Yes,Family,No,2.91,No,3.91,81,250000,1.0,12,10,0.1639344262295082
2019,Female,25,2018,BCSE,11,No,No,3,3,Offline,Yes,Yes,2,Intermediate,100,Yes,No,No,Cyber security,1,Data Science,Single,No,Bachelor,No,1.43,No,2.49,143,255000,1.0600000000000003,9,4,0.6451612903225806
2019,Male,25,2017,BCSE,11,No,No,2,1,Offline,Yes,No,5,Basic,86,No,No,No,Networking,3,Data Science,Relationship,No,Family,No,1.98,No,2.89,145,300000,0.9100000000000001,2,5,2.380952380952381
2020,Male,23,2019,BCSE,9,Yes,No,1,2,Offline,Yes,Yes,5,Basic,100,No,No,Yes,Web development,1,Data Science,Relationship,No,Family,No,2.91,No,3.89,103,10000,0.98,2,2,4.545454545454545
2020,Female,22,2019,BCSE,11,Yes,No,2,1,Offline,Yes,Yes,3,Intermediate,95,No,No,Yes,Programming,1,Data Science,Single,No,Family,No,2.5,No,3.48,128,25000,0.98,2,3,1.4285714285714286
2023,Female,21,2022,BCSE,2,No,No,5,5,Offline,Yes,Yes,5,Intermediate,100,No,No,No,Programming,3,Software,Single,Yes,Family,No,2.85,No,3.65,28,25000,0.7999999999999998,25,8,0.9803921568627452
2020,Female,24,2019,BCSE,9,No,No,5,1,Offline,Yes,Yes,6,Basic,90,No,No,No,Networking,2,Hardware,Single,Yes,Family,Yes,2.2,Yes,3.5,60,28000,1.2999999999999998,5,7,1.1764705882352942
2020,Male,25,2019,BCSE,10,Yes,No,3,1,Online,Yes,Yes,5,Advance,99,No,No,Yes,Networking,3,Software,Relationship,Yes,Bachelor,No,2.48,No,3.48,105,30000,1.0,3,6,1.6129032258064515
2020,Female,23,2019,BCSE,10,No,No,4,1,Offline,Yes,Yes,3,Intermediate,98,No,No,No,Networking,2,Hardware,Single,No,Bachelor,No,2.87,No,3.93,138,30000,1.06,4,6,0.7317073170731708
2022,Male,22,2020,BCSE,5,Yes,No,2,2,Offline,Yes,No,4,Intermediate,99,No,No,Yes,Programming,2,Hardware,Single,No,Family,No,2.56,No,3.35,54,30000,0.79,4,4,1.9047619047619047
2021,Female,20,2020,BCSE,7,No,No,4,2,Offline,Yes,Yes,7,Intermediate,100,No,No,Yes,Artificial Intelligence,1,Hardware,Relationship,No,Family,No,2.31,No,3.45,109,30000,1.1400000000000001,8,5,1.707317073170732
2018,Male,25,2018,BCSE,11,No,No,3,1,Offline,Yes,Yes,3,Basic,100,No,Yes,Yes,Cyber security,2,Data Science,Married,No,Family,No,2.45,No,3.56,143,32000,1.1099999999999999,3,5,0.9677419354838709
2022,Female,19,2021,BCSE,7,No,No,4,2,Online,Yes,Yes,5,Intermediate,90,No,No,Yes,Artificial Intelligence,2,Hardware,Relationship,Yes,Family,Yes,2.09,No,3.34,100,34000,1.25,8,6,1.2195121951219514
2019,Male,24,2018,BCSE,11,No,No,3,2,Offline,Yes,Yes,3,Intermediate,65,Yes,No,No,Cyber security,2,Data Science,Single,Yes,Family,Yes,2.45,No,3.55,144,37000,1.0999999999999996,6,5,0.9677419354838709
2020,Female,20,2020,BCSE,11,No,No,2,2,Online,Yes,Yes,3,Intermediate,72,No,No,No,Cyber security,4,Data Science,Married,No,Family,No,2.67,No,3.77,143,37000,1.1,4,6,1.4285714285714286
2022,Male,21,2021,BCSE,6,No,No,2,2,Offline,Yes,Yes,3,Advance,42,No,No,Yes,Cyber security,3,Data Science,Single,No,Bachelor,Yes,1.89,No,2.97,97,37000,1.0800000000000003,4,5,1.4285714285714286
2021,Female,20,2020,BCSE,8,No,No,2,2,Online,Yes,No,3,Basic,68,No,No,No,Web development,4,Software,Married,Yes,Family,No,2.67,No,3.74,90,38000,1.0700000000000003,4,6,1.4285714285714286
2022,Female,22,2021,BCSE,5,Yes,No,2,2,Offline,Yes,Yes,2,Intermediate,47,Yes,No,No,Cyber security,2,Data Science,Single,No,Bachelor,No,2.74,No,3.8,68,39000,1.0599999999999996,4,4,0.9523809523809523
2018,Female,22,2017,BCSE,10,No,No,3,2,Online,Yes,Yes,8,Advance,90,Yes,No,Yes,Programming,2,UI/UX,Single,No,Family,No,1.61,No,2.88,123,40000,1.2699999999999998,6,5,2.5806451612903225
2018,Female,24,2018,BCSE,11,No,No,4,2,Offline,Yes,Yes,2,Intermediate,86,Yes,Yes,No,Cyber security,4,Data Science,Relationship,No,Bachelor,No,2.54,No,3.63,144,40000,1.0899999999999999,8,8,0.48780487804878053
2020,Male,21,2020,BCSE,10,No,No,2,3,Offline,Yes,Yes,3,Intermediate,79,Yes,No,Yes,Cyber security,2,Data Science,Relationship,No,Bachelor,No,1.46,No,2.55,139,40000,1.0899999999999999,6,4,1.4285714285714286
2020,Male,20,2020,BCSE,10,Yes,No,2,2,Offline,Yes,Yes,2,Intermediate,100,No,No,No,Networking,4,Hardware,Relationship,No,Bachelor,No,2.65,No,3.79,138,40000,1.1400000000000001,4,6,0.9523809523809523
2021,Female,21,2020,BCSE,9,No,No,3,2,Online,Yes,Yes,3,Advance,46,No,No,No,Artificial Intelligence,2,Data Science,Single,Yes,Bachelor,No,1.88,No,2.92,124,42000,1.04,6,5,0.9677419354838709
2022,Female,21,2021,BCSE,6,Yes,No,2,1,Offline,Yes,Yes,3,Advance,78,Yes,No,Yes,Programming,1,UI/UX,Married,Yes,Family,no,2.77,No,3.8,77,42000,1.0299999999999998,2,3,1.4285714285714286
2020,Male,20,2020,BCSE,5,No,No,4,2,Online,Yes,Yes,6,Intermediate,90,No,No,No,Machine Learning,2,Software,Single,No,Bachelor,No,1.98,No,2.97,66,45000,0.9900000000000002,8,6,1.4634146341463417
2022,Male,22,2021,BCSE,5,No,No,2,1,Online,Yes,Yes,3,Basic,23,No,No,Yes,Networking,4,Hardware,Relationship,No,Bachelor,No,1.81,No,2.88,72,45000,1.0699999999999998,2,6,1.4285714285714286
2021,Female,20,2020,BCSE,9,No,No,2,3,Offline,Yes,Yes,3,Advance,55,No,No,Yes,Networking,1,Hardware,Relationship,No,Bachelor,No,2.87,No,3.9,125,46000,1.0299999999999998,6,3,1.4285714285714286
2022,Male,20,2021,BCSE,4,No,No,2,2,Offline,Yes,Yes,4,Intermediate,100,No,No,Yes,Networking,8,Software,Single,No,Family,No,1.76,No,2.67,27,46000,0.9099999999999999,4,10,1.9047619047619047
2022,Female,21,2021,BCSE,7,No,No,3,2,Offline,Yes,Yes,2,Intermediate,32,No,No,No,Artificial Intelligence,2,Data Science,Single,Yes,Bachelor,No,2.34,No,3.4,109,47000,1.06,6,5,0.6451612903225806
2021,Female,20,2019,BCSE,9,No,No,5,2,Offline,Yes,Yes,5,Intermediate,100,No,No,Yes,Artificial Intelligence,1,Hardware,Single,No,Bachelor,No,2.07,No,3.28,132,48000,1.21,10,6,0.9803921568627452
2020,Male,23,2019,BCSE,10,No,No,2,3,Online,Yes,Yes,2,Intermediate,89,No,No,No,Networking,4,Hardware,Relationship,No,Family,Yes,2.45,No,3.51,132,48000,1.0599999999999996,6,6,0.9523809523809523
2020,Male,20,2020,BCSE,11,No,Yes,5,1,Offline,Yes,Yes,3,Intermediate,68,Yes,No,Yes,Networking,2,Hardware,Single,No,Bachelor,No,2.66,No,3.79,135,48000,1.13,5,7,0.5882352941176471
2020,Female,23,2019,BCSE,11,Yes,No,6,3,Offline,Yes,Yes,2,Intermediate,100,No,No,No,Cyber security,4,Data Science,Relationship,No,Family,No,2.77,No,3.85,144,49000,1.08,18,10,0.3278688524590164
2022,Female,21,2021,BCSE,6,No,No,5,3,Online,Yes,Yes,3,Basic,100,Yes,No,No,Networking,2,Hardware,Single,No,Family,No,2.63,No,3.7,75,49000,1.0700000000000003,15,7,0.5882352941176471
2020,Male,23,2018,BCSE,8,Yes,No,3,3,Online,Yes,Yes,2,Advance,80,No,No,No,Cyber security,2,UI/UX,Relationship,Yes,Family,No,2.81,No,3.79,135,50000,0.98,9,5,0.6451612903225806
2021,Female,21,2019,BCSE,6,No,No,2,1,Offline,Yes,Yes,3,Intermediate,100,No,No,Yes,Programming,1,Data Science,Single,No,Family,No,2.44,No,3.44,56,50000,1.0,2,3,1.4285714285714286
2021,Male,23,2019,BCSE,7,No,No,1,1,Online,Yes,Yes,5,Advance,70,No,No,Yes,Cyber security,5,Hardware,Single,Yes,Family,No,2.5,No,3.22,66,50000,0.7200000000000002,1,6,4.545454545454545
2021,Female,21,2020,BCSE,7,No,No,2,3,Offline,Yes,Yes,6,Advance,100,No,No,Yes,Programming,1,UI/UX,Relationship,Yes,Family,No,2.55,No,3.8,112,50000,1.25,6,3,2.857142857142857
2022,Female,20,2021,BCSE,5,No,No,3,2,Offline,Yes,Yes,5,Basic,100,No,No,Yes,Programming,2,UI/UX,Single,No,Family,No,2.22,No,3.35,79,50000,1.13,6,5,1.6129032258064515
2021,Female,20,2020,BCSE,9,No,No,3,3,Offline,Yes,Yes,3,Basic,100,No,No,Yes,Web development,2,Software,Single,Yes,Family,No,2.56,No,3.64,108,53000,1.08,9,5,0.9677419354838709
2020,Female,23,2019,BCSE,8,No,No,3,2,Offline,Yes,Yes,7,Intermediate,100,No,No,No,Programming,2,Software,Single,No,Family,No,1.99,No,3.0,121,55000,1.01,6,5,2.258064516129032
2020,Female,24,2019,BCSE,11,No,No,3,2,Offline,Yes,Yes,2,Intermediate,34,No,No,Yes,Networking,1,Hardware,Married,No,Family,No,1.56,No,2.62,143,55000,1.06,6,4,0.6451612903225806
2020,Female,21,2019,BCSE,11,No,No,4,3,Offline,Yes,Yes,2,Advance,79,No,No,Yes,Artificial Intelligence,2,Data Science,Relationship,No,Bachelor,No,2.67,No,3.77,143,55000,1.1,12,6,0.48780487804878053
2020,Female,20,2020,BCSE,9,No,No,4,2,Offline,Yes,No,6,Advance,100,No,No,No,Artificial Intelligence,2,Software,Single,Yes,Family,No,2.31,No,3.44,138,55000,1.13,8,6,1.4634146341463417
2020,Male,24,2019,BCSE,11,No,No,2,2,Offline,Yes,Yes,3,Intermediate,76,Yes,No,Yes,Networking,4,Hardware,Married,Yes,Family,No,1.26,No,2.37,143,56000,1.11,4,6,1.4285714285714286
2019,Female,25,2018,BCSE,11,No,No,1,2,Online,Yes,Yes,4,Basic,66,No,No,Yes,Networking,4,Hardware,Single,Yes,Family,No,1.55,No,2.78,143,57000,1.2299999999999998,2,5,3.6363636363636362
2021,Female,20,2020,BCSE,9,No,No,2,3,Offline,Yes,Yes,2,Advance,100,Yes,No,No,Programming,4,UI/UX,Relationship,Yes,Bachelor,No,2.64,No,3.71,129,59000,1.0699999999999998,6,6,0.9523809523809523
2021,Male,20,2020,BCSE,10,No,No,1,2,Offline,Yes,Yes,2,Advance,100,Yes,No,No,Programming,2,UI/UX,Relationship,Yes,Bachelor,No,2.76,No,3.81,134,59000,1.0500000000000003,2,3,1.8181818181818181
2020,Male,25,2018,BCSE,8,No,No,4,2,Offline,Yes,Yes,7,Basic,88,No,No,No,Cyber security,1,Data Science,Single,Yes,Bachelor,No,1.62,No,2.45,99,60000,0.8300000000000001,8,5,1.707317073170732
2020,Female,23,2019,BCSE,11,Yes,No,2,2,Online,Yes,Yes,4,Basic,80,No,No,No,Networking,2,Software,Single,Yes,Family,No,2.88,No,3.6,109,60000,0.7200000000000002,4,4,1.9047619047619047
2021,Female,23,2019,BCSE,5,No,No,3,2,Offline,Yes,Yes,6,Intermediate,90,Yes,No,Yes,Programming,4,Software,Relationship,Yes,Family,No,2.61,No,3.57,130,60000,0.96,6,7,1.9354838709677418
2021,Female,23,2019,BCSE,7,Yes,No,1,2,Offline,Yes,Yes,2,Intermediate,100,No,No,Yes,Networking,2,Artificial Intelligence,Single,Yes,Family,No,2.85,No,3.79,66,60000,0.94,2,3,1.8181818181818181
2019,Male,23,2019,BCSE,12,No,No,5,2,Offline,Yes,No,10,Advance,100,No,No,No,Networking,1,Networking,Single,No,Family,No,2.19,No,3.7,111,60000,1.5100000000000002,10,6,1.9607843137254903
2021,Female,22,2019,BCSE,7,No,No,2,2,Offline,Yes,Yes,4,Intermediate,60,Yes,No,Yes,Networking,2,Software,Single,Yes,Bachelor,No,1.9,No,2.81,97,60000,0.9100000000000001,4,4,1.9047619047619047
2020,Female,21,2019,BCSE,8,No,No,5,2,Online,Yes,Yes,7,Advance,75,No,No,No,Networking,3,Hardware,Single,Yes,Bachelor,Yes,1.89,No,3.08,117,60000,1.1900000000000002,10,8,1.3725490196078431
2021,Female,21,2019,BCSE,10,No,No,1,3,Offline,Yes,Yes,10,Advance,100,No,No,Yes,Web development,1,Software,Relationship,No,Bachelor,No,2.77,No,3.81,136,60000,1.04,3,2,9.09090909090909
2021,Male,22,2020,BCSE,6,No,No,2,1,Offline,Yes,Yes,8,Intermediate,95,No,No,No,Programming,1,Data Science,Single,Yes,Family,Yes,1.4,No,2.95,61,60000,1.5500000000000003,2,3,3.8095238095238093
2021,Female,20,2020,BCSE,6,Yes,No,5,3,Offline,Yes,Yes,4,Advance,50,No,No,No,Machine Learning,1,UI/UX,Single,No,Bachelor,No,1.76,No,2.87,68,60000,1.11,15,6,0.7843137254901962
2021,Female,20,2021,BCSE,7,Yes,No,5,3,Offline,Yes,Yes,2,Advance,100,No,No,Yes,Networking,1,Hardware,Married,No,Family,No,2.66,No,3.83,102,60000,1.17,15,6,0.3921568627450981
2021,Male,20,2020,BCSE,9,No,No,2,2,Offline,Yes,Yes,2,Intermediate,35,Yes,No,Yes,Programming,1,UI/UX,Single,No,Family,No,1.56,No,2.62,107,62000,1.06,4,3,0.9523809523809523
2022,Female,20,2021,BCSE,5,No,No,3,2,Offline,Yes,Yes,3,Intermediate,100,No,No,Yes,Networking,4,Hardware,Married,No,Family,No,2.87,No,3.91,61,62000,1.04,6,7,0.9677419354838709
2019,Male,24,2019,BCSE,10,Yes,No,4,1,Offline,Yes,Yes,7,Intermediate,87,Yes,No,No,Cyber security,3,Data Science,Single,No,Bachelor,No,2.09,No,3.23,129,64000,1.1400000000000001,4,7,1.707317073170732
2021,Female,20,2020,BCSE,9,No,No,5,2,Online,Yes,Yes,2,Advance,86,No,No,Yes,Artificial Intelligence,2,Data Science,Single,Yes,Bachelor,No,1.56,No,2.66,120,64000,1.1,10,7,0.3921568627450981
2020,Female,21,2020,BCSE,10,Yes,No,7,3,Offline,Yes,Yes,3,Intermediate,100,No,No,No,Networking,2,Hardware,Married,No,Family,Yes,2.78,No,3.89,138,65000,1.1100000000000003,21,9,0.4225352112676057
2021,Male,20,2020,BCSE,9,No,No,1,1,Offline,Yes,Yes,2,Intermediate,67,No,No,Yes,Cyber security,2,Data Science,Married,Yes,Family,No,2.45,No,3.51,103,65000,1.0599999999999996,1,3,1.8181818181818181
2022,Female,19,2022,BCSE,3,No,No,3,1,Offline,Yes,Yes,3,Advance,95,No,No,No,Machine Learning,1,Hardware,Single,No,Bachelor,No,2.78,No,3.89,35,65000,1.1100000000000003,3,4,0.9677419354838709
2019,Male,24,2018,BCSE,11,No,No,5,2,Offline,Yes,Yes,3,Intermediate,100,No,No,Yes,Web development,2,Software,Relationship,No,Bachelor,Yes,1.67,No,2.73,143,66000,1.06,10,7,0.5882352941176471
2020,Male,22,2019,BCSE,10,No,No,2,2,Offline,Yes,No,9,Advance,100,No,No,No,Programming,4,Software,Relationship,Yes,Bachelor,No,1.55,No,2.68,134,66000,1.1300000000000001,4,6,4.285714285714286
2023,Female,19,2021,BCSE,2,No,No,2,2,Online,Yes,Yes,10,Advance,77,No,No,No,Machine Learning,2,Software,Relationship,No,Family,No,1.87,No,2.88,35,66000,1.0099999999999998,4,4,4.761904761904762
2022,Male,21,2021,BCSE,5,No,No,4,2,Offline,Yes,Yes,2,Advance,85,No,No,No,Web development,4,Software,Relationship,Yes,Bachelor,No,1.56,No,2.63,65,66000,1.0699999999999998,8,8,0.48780487804878053
2021,Female,23,2019,BCSE,7,No,No,2,2,Online,Yes,Yes,6,Intermediate,100,No,No,Yes,Programming,1,Hardware,Relationship,No,Family,No,2.7,No,3.5,66,67000,0.7999999999999998,4,3,2.857142857142857
2021,Female,20,2020,BCSE,9,No,No,2,2,Offline,Yes,No,2,Intermediate,89,Yes,No,Yes,Networking,4,Hardware,Single,No,Family,No,2.76,No,3.8,113,67000,1.04,4,6,0.9523809523809523
2021,Male,22,2021,BCSE,8,No,No,2,2,Offline,Yes,Yes,3,Intermediate,68,Yes,No,No,Cyber security,4,Data Science,Single,Yes,Bachelor,No,1.45,No,2.56,88,67000,1.11,4,6,1.4285714285714286
2020,Male,20,2020,BCSE,8,No,No,5,3,Online,Yes,Yes,6,Advance,90,No,No,No,Programming,2,UI/UX,Married,Yes,Family,No,1.55,No,2.76,77,68000,1.2099999999999997,15,7,1.1764705882352942
2021,Male,20,2020,BCSE,9,No,No,2,3,Offline,Yes,Yes,2,Intermediate,87,No,No,No,Networking,4,Hardware,Single,No,Bachelor,No,2.67,No,3.73,101,68000,1.06,6,6,0.9523809523809523
2021,Female,21,2020,BCSE,9,No,No,2,2,Offline,Yes,Yes,3,Advance,86,No,No,Yes,Artificial Intelligence,1,Data Science,Single,Yes,Bachelor,Yes,2.86,No,3.9,119,68000,1.04,4,3,1.4285714285714286
2020,Female,22,2018,BCSE,6,No,No,4,3,Offline,Yes,Yes,2,Intermediate,80,No,No,No,Cyber security,3,UI/UX,Single,No,Family,Yes,2.03,No,3.25,59,70000,1.2200000000000002,12,7,0.48780487804878053
2019,Female,22,2018,BCSE,10,No,No,4,2,Offline,Yes,Yes,7,Advance,95,No,No,No,Networking,2,Software,Relationship,No,Family,No,2.31,No,3.65,140,70000,1.3399999999999999,8,6,1.707317073170732
2021,Female,22,2019,BCSE,8,Yes,No,4,3,Offline,Yes,No,3,Advance,100,No,No,No,Networking,3,Hardware,Single,Yes,Bachelor,No,2.66,No,3.78,109,70000,1.1199999999999997,12,7,0.7317073170731708
2022,Female,20,2021,BCSE,5,No,No,6,2,Online,Yes,Yes,3,Intermediate,100,No,No,No,Programming,2,Software,Relationship,No,Family,No,2.11,No,3.26,87,70000,1.15,12,8,0.49180327868852464
2022,Male,19,2021,BCSE,5,No,No,3,3,Offline,Yes,Yes,3,Intermediate,100,No,No,No,Networking,4,Hardware,Single,No,Family,No,1.67,No,2.7,77,70000,1.0300000000000002,9,7,0.9677419354838709
2019,Male,23,2019,BCSE,11,Yes,No,3,2,Offline,Yes,Yes,5,Advance,97,No,No,Yes,Programming,3,UI/UX,Single,Yes,Bachelor,No,2.4,No,3.44,139,71000,1.04,6,6,1.6129032258064515
2021,Female,21,2020,BCSE,3,No,No,3,2,Online,Yes,Yes,10,Basic,30,Yes,No,No,Machine Learning,1,Hardware,Single,No,Family,No,1.55,No,2.81,34,73000,1.26,6,4,3.225806451612903
2022,Female,20,2020,BCSE,5,Yes,No,5,2,Online,Yes,Yes,9,Intermediate,90,No,No,Yes,Cyber security,1,Data Science,Single,Yes,Bachelor,No,2.55,No,3.59,72,73000,1.04,10,6,1.7647058823529413
2021,Male,20,2021,BCSE,9,No,No,1,4,Offline,Yes,Yes,3,Intermediate,87,Yes,No,Yes,Web development,4,Software,Relationship,Yes,Family,No,2.45,No,3.56,123,74000,1.1099999999999999,4,5,2.727272727272727
2019,Male,21,2019,BCSE,11,Yes,No,6,4,Offline,Yes,Yes,2,Advance,100,No,No,Yes,Programming,3,UI/UX,Single,No,Bachelor,No,2.77,No,3.87,139,75000,1.1,24,9,0.3278688524590164
2021,Female,20,2020,BCSE,8,No,No,3,1,Offline,Yes,Yes,3,Intermediate,100,No,No,No,Programming,2,UI/UX,Single,Yes,Bachelor,No,2.53,No,3.6,95,75000,1.0700000000000003,3,5,0.9677419354838709
2022,Female,19,2021,BCSE,6,No,No,3,1,Online,Yes,Yes,3,Intermediate,43,Yes,No,Yes,Machine Learning,2,Data Science,Relationship,Yes,Bachelor,Yes,1.65,No,2.71,73,75000,1.06,3,5,0.9677419354838709
2021,Female,19,2020,BCSE,4,No,No,3,1,Online,Yes,Yes,9,Basic,70,No,No,No,Artificial Intelligence,3,Hardware,Relationship,No,Bachelor,Yes,2.32,No,3.68,46,77000,1.3600000000000003,3,6,2.903225806451613
2020,Female,20,2020,BCSE,11,No,No,1,3,Offline,Yes,Yes,2,Intermediate,76,No,No,No,Programming,2,UI/UX,Married,Yes,Family,No,2.61,No,3.7,144,77000,1.0900000000000003,3,3,1.8181818181818181
2020,Male,20,2020,BCSE,11,No,No,2,1,Online,Yes,Yes,3,Intermediate,54,Yes,No,No,Programming,4,UI/UX,Single,Yes,Family,No,1.55,No,2.61,143,77000,1.0599999999999998,2,6,1.4285714285714286
2021,Male,19,2021,BCSE,4,No,No,4,2,Online,Yes,Yes,8,Intermediate,100,No,No,Yes,Machine Learning,2,Data Science,Single,Yes,Family,No,2.23,No,3.67,45,77000,1.44,8,6,1.9512195121951221
2018,Male,25,2017,BCSE,12,No,No,1,3,Online,Yes,Yes,3,Advance,60,Yes,No,Yes,Programming,3,Software,Relationship,Yes,Bachelor,No,2.45,No,3.34,122,78000,0.8899999999999997,3,4,2.727272727272727
2020,Female,22,2017,BCSE,11,No,No,1,1,Online,Yes,Yes,3,Intermediate,90,No,No,No,Networking,1,Artificial Intelligence,Married,No,Family,Yes,2.11,No,3.56,132,78000,1.4500000000000002,1,2,2.727272727272727
2020,Male,24,2019,BCSE,10,No,No,3,2,Offline,Yes,Yes,5,Intermediate,77,No,No,No,Artificial Intelligence,1,Data Science,Single,No,Bachelor,No,1.59,No,2.62,132,78000,1.03,6,4,1.6129032258064515
2019,Male,25,2019,BCSE,11,No,No,5,1,Offline,Yes,Yes,3,Advance,100,Yes,No,No,Web development,4,Software,Relationship,Yes,Family,No,2.56,No,3.67,143,78000,1.1099999999999999,5,9,0.5882352941176471
2021,Male,20,2020,BCSE,6,No,No,6,3,Online,Yes,No,3,Advance,100,No,No,No,Networking,1,Data Science,Single,Yes,Bachelor,No,2.76,No,3.77,97,78000,1.0100000000000002,18,7,0.49180327868852464
2021,Male,21,2020,BCSE,9,No,No,2,3,Offline,Yes,Yes,3,Intermediate,100,No,No,Yes,Web development,4,Software,Single,Yes,Bachelor,No,2.76,No,3.8,124,78000,1.04,6,6,1.4285714285714286
2021,Male,20,2020,BCSE,8,No,No,3,3,Offline,Yes,No,2,Intermediate,100,No,No,No,Cyber security,4,Data Science,Single,No,Bachelor,No,2.61,No,3.7,98,79000,1.0900000000000003,9,7,0.6451612903225806
2020,Female,20,2020,BCSE,11,Yes,No,1,3,Offline,Yes,Yes,3,Basic,100,No,No,No,Programming,4,UI/UX,Relationship,No,Family,No,2.75,No,3.86,143,79000,1.1099999999999999,3,5,2.727272727272727
2020,Male,21,2019,BCSE,10,Yes,No,2,3,Offline,Yes,Yes,3,Basic,90,No,Yes,No,Programming,3,Data Science,Relationship,Yes,Family,No,1.98,No,3.11,125,80000,1.13,6,5,1.4285714285714286
2020,Male,20,2019,BCSE,9,Yes,No,6,4,Offline,Yes,Yes,3,Advance,100,No,No,No,Programming,3,UI/UX,Single,No,Family,No,2.77,No,3.87,125,80000,1.1,24,9,0.49180327868852464
2022,Male,21,2021,BCSE,5,No,No,2,2,Offline,Yes,Yes,5,Intermediate,78,No,No,Yes,Artificial Intelligence,2,Hardware,Single,Yes,Family,No,1.79,No,2.82,71,80000,1.0299999999999998,4,4,2.380952380952381
2022,Female,21,2021,BCSE,6,No,No,3,2,Online,Yes,Yes,2,Intermediate,100,Yes,No,No,Artificial Intelligence,2,Software,Single,No,Bachelor,No,1.88,No,2.91,74,80000,1.0300000000000002,6,5,0.6451612903225806
2020,Male,21,2020,BCSE,8,No,No,3,1,Online,Yes,Yes,7,Intermediate,71,No,No,No,Machine Learning,1,Software,Relationship,Yes,Bachelor,Yes,2.38,No,3.49,109,81000,1.1100000000000003,3,4,2.258064516129032
2021,Male,20,2020,BCSE,9,No,No,4,2,Online,Yes,Yes,5,Intermediate,100,No,No,Yes,Web development,1,Software,Relationship,No,Bachelor,No,2.08,No,3.21,113,83000,1.13,8,5,1.2195121951219514
2022,Female,21,2021,BCSE,4,No,No,5,2,Online,Yes,Yes,7,Intermediate,70,No,No,No,Programming,1,Hardware,Relationship,No,Family,No,1.89,No,3.4,56,86000,1.51,10,6,1.3725490196078431
2021,Male,20,2019,BCSE,6,No,No,2,1,Online,Yes,Yes,5,Advance,31,Yes,Yes,Yes,Programming,1,Software,Married,Yes,Family,No,1.21,No,2.47,139,87000,1.2600000000000002,2,3,2.380952380952381
2020,Male,20,2019,BCSE,8,No,No,3,2,Offline,Yes,Yes,6,Intermediate,60,No,No,Yes,Machine Learning,2,Software,Single,Yes,Bachelor,No,1.81,No,2.86,117,87000,1.0499999999999998,6,5,1.9354838709677418
2022,Male,20,2021,BCSE,8,No,No,5,3,Offline,Yes,Yes,8,Advance,100,No,No,Yes,Programming,3,UI/UX,Single,Yes,Bachelor,Yes,2.45,No,3.68,124,87000,1.23,15,8,1.5686274509803924
2018,Male,25,2018,BCSE,11,No,No,2,2,Offline,Yes,Yes,2,Intermediate,100,No,No,Yes,Web development,2,Software,Married,Yes,Family,No,1.56,No,2.66,143,88000,1.1,4,4,0.9523809523809523
2020,Female,25,2019,BCSE,11,No,No,3,1,Offline,Yes,Yes,3,Advance,100,Yes,No,No,Web development,2,Software,Single,Yes,Bachelor,No,1.6,No,2.68,143,88000,1.08,3,5,0.9677419354838709
2020,Female,20,2020,BCSE,11,No,No,2,2,Online,Yes,Yes,3,Advance,56,Yes,No,No,Programming,2,UI/UX,Relationship,No,Bachelor,No,1.81,No,2.89,144,88000,1.08,4,4,1.4285714285714286
2021,Female,20,2021,BCSE,7,No,No,3,3,Offline,Yes,Yes,2,Intermediate,100,Yes,No,Yes,Artificial Intelligence,5,Software,Married,No,Family,No,1.76,No,2.81,96,88000,1.05,9,8,0.6451612903225806
2020,Female,21,2020,BCSE,10,No,No,2,1,Offline,Yes,Yes,2,Basic,86,Yes,No,Yes,Artificial Intelligence,4,Data Science,Single,No,Bachelor,No,1.57,No,2.65,135,89000,1.0799999999999998,2,6,0.9523809523809523
2020,Male,24,2019,BCSE,10,No,No,3,2,Offline,Yes,Yes,5,Advance,100,No,No,No,Networking,2,Hardware,Single,Yes,Bachelor,No,2.05,No,3.45,85,90000,1.4000000000000004,6,5,1.6129032258064515
2021,Male,20,2020,BCSE,9,No,No,3,2,Offline,Yes,Yes,1,Advance,67,Yes,No,No,Programming,2,UI/UX,Single,No,Family,No,2.38,No,3.47,130,90000,1.0900000000000003,6,5,0.3225806451612903
2021,Female,20,2020,BCSE,8,No,No,2,2,Offline,Yes,No,2,Advance,100,Yes,No,No,Programming,1,UI/UX,Relationship,Yes,Family,No,2.67,No,3.73,93,90000,1.06,4,3,0.9523809523809523
2022,Male,22,2021,BCSE,6,No,No,3,1,Offline,Yes,Yes,2,Intermediate,100,No,No,Yes,Web development,2,Software,Single,No,Bachelor,No,1.56,No,2.67,71,90000,1.1099999999999999,3,5,0.6451612903225806
2021,Male,20,2020,BCSE,9,No,No,2,2,Offline,Yes,Yes,3,Advance,100,Yes,No,Yes,Networking,1,Hardware,Relationship,Yes,Family,No,1.91,No,2.96,109,94000,1.05,4,3,1.4285714285714286
2020,Male,24,2017,BCSE,9,No,No,3,2,Online,Yes,Yes,2,Intermediate,70,Yes,No,No,Networking,2,UI/UX,Relationship,Yes,Family,Yes,1.89,No,3.18,113,95000,1.2900000000000003,6,5,0.6451612903225806
2021,Female,20,2019,BCSE,7,No,No,4,2,Offline,Yes,Yes,6,Advance,100,No,No,No,Web development,1,UI/UX,Single,No,Family,No,2.76,No,3.88,109,95000,1.12,8,5,1.4634146341463417
2020,Female,23,2019,BCSE,11,No,No,3,1,Offline,Yes,Yes,3,Intermediate,100,Yes,No,No,Programming,2,Software,Relationship,Yes,Bachelor,No,2.76,No,3.84,144,96000,1.08,3,5,0.9677419354838709
2022,Male,20,2021,BCSE,6,Yes,No,5,3,Offline,Yes,Yes,2,Advance,76,Yes,No,No,Programming,1,UI/UX,Relationship,Yes,Bachelor,No,2.7,No,3.87,78,97000,1.17,15,6,0.3921568627450981
2019,Male,22,2019,BCSE,11,No,Yes,2,1,Offline,Yes,Yes,3,Intermediate,100,No,No,No,Programming,2,UI/UX,Single,No,Family,No,2.56,No,3.64,143,98000,1.08,2,4,1.4285714285714286
2022,Male,20,2020,BCSE,5,No,No,1,1,Online,Yes,Yes,2,Intermediate,78,Yes,No,Yes,Networking,1,Hardware,Relationship,No,Family,No,1.81,No,2.84,71,98000,1.0299999999999998,1,2,1.8181818181818181
2020,Male,24,2018,BCSE,8,No,No,2,2,Offline,Yes,Yes,8,Basic,98,No,No,No,Networking,3,Hardware,Single,No,Family,Yes,2.53,No,3.36,76,100000,0.8300000000000001,4,5,3.8095238095238093
2019,Female,23,2019,BCSE,5,No,No,2,1,Offline,Yes,Yes,7,Basic,90,Yes,No,Yes,Networking,2,Hardware,Single,Yes,Bachelor,No,2.54,No,3.57,84,100000,1.0299999999999998,2,4,3.333333333333333
2019,Female,22,2019,BCSE,6,No,No,4,2,Offline,Yes,Yes,4,Intermediate,80,No,No,Yes,Programming,1,Software,Single,Yes,Family,No,2.45,No,3.5,16,100000,1.0499999999999998,8,5,0.9756097560975611
2020,Female,21,2020,BCSE,8,Yes,Yes,8,3,Offline,Yes,Yes,2,Advance,100,No,No,No,Networking,4,UI/UX,Single,No,Family,No,2.91,No,4.0,97,100000,1.0899999999999999,24,12,0.2469135802469136
2022,Male,20,2021,BCSE,6,No,No,1,2,Offline,Yes,Yes,2,Intermediate,54,No,No,Yes,Networking,4,Hardware,Married,Yes,Family,No,2.67,No,3.77,78,100000,1.1,2,5,1.8181818181818181
2019,Female,22,2018,BCSE,11,No,No,5,3,Offline,Yes,Yes,8,Intermediate,77,No,No,Yes,Machine Learning,2,Software,Single,No,Bachelor,No,2.33,No,3.88,144,110000,1.5499999999999998,15,7,1.5686274509803924
2021,Male,24,2019,BCSE,10,No,No,1,2,Online,Yes,Yes,3,Basic,100,Yes,No,No,Networking,4,Hardware,Married,Yes,Family,No,2.87,No,3.91,140,110000,1.04,2,5,2.727272727272727
2020,Female,20,2020,BCSE,10,No,No,3,2,Online,Yes,No,9,Advance,100,No,No,No,Artificial Intelligence,4,Hardware,Relationship,Yes,Bachelor,No,2.09,No,3.23,119,110000,1.1400000000000001,6,7,2.903225806451613
2020,Female,25,2018,BCSE,9,No,No,2,3,Online,Yes,Yes,3,Intermediate,77,Yes,No,Yes,Networking,2,Hardware,Married,Yes,Family,No,1.67,No,2.73,124,112000,1.06,6,4,1.4285714285714286
2022,Female,20,2021,BCSE,5,No,No,1,1,Online,Yes,Yes,10,Intermediate,45,Yes,No,No,Cyber security,1,Data Science,Relationship,Yes,Family,No,1.15,No,2.39,75,112000,1.2400000000000002,1,2,9.09090909090909
2022,Female,21,2021,BCSE,5,No,No,2,2,Offline,Yes,Yes,3,Advance,100,Yes,No,Yes,Web development,4,Software,Married,No,Family,No,2.56,No,3.64,68,113000,1.08,4,6,1.4285714285714286
2021,Male,20,2020,BCSE,7,No,No,3,2,Offline,Yes,No,3,Basic,100,No,No,No,Programming,3,Software,Single,No,Bachelor,No,1.99,No,2.94,88,120000,0.95,6,6,0.9677419354838709
2023,Female,19,2021,BCSE,2,Yes,No,6,4,Offline,Yes,Yes,4,Intermediate,100,No,Yes,No,Cyber security,3,Data Science,Single,Yes,Bachelor,No,2.78,No,3.8,29,120000,1.02,24,9,0.6557377049180328
2020,Male,20,2019,BCSE,10,No,No,3,2,Offline,Yes,Yes,7,Intermediate,100,No,No,No,Cyber security,1,Hardware,Relationship,Yes,Bachelor,No,2.21,No,3.3,137,122000,1.0899999999999999,6,4,2.258064516129032
2020,Male,20,2020,BCSE,11,No,No,3,3,Offline,Yes,Yes,3,Advance,100,No,No,No,Artificial Intelligence,1,Data Science,Relationship,No,Bachelor,No,1.46,No,2.51,143,122000,1.0499999999999998,9,4,0.9677419354838709
2020,Male,20,2020,BCSE,10,Yes,No,2,2,Offline,Yes,Yes,2,Intermediate,64,Yes,No,No,Networking,4,Hardware,Single,No,Bachelor,Yes,2.67,No,3.78,136,127000,1.1099999999999999,4,6,0.9523809523809523
2020,Male,21,2018,BCSE,9,No,No,5,3,Online,Yes,No,7,Intermediate,100,No,No,Yes,Networking,2,Hardware,Single,No,Bachelor,No,2.32,No,3.78,123,130000,1.46,15,7,1.3725490196078431
2022,Female,21,2020,BCSE,4,No,No,4,2,Offline,Yes,Yes,7,Intermediate,79,No,No,No,Artificial Intelligence,3,Hardware,Married,Yes,Family,No,2.22,No,3.41,59,133000,1.19,8,7,1.707317073170732
2022,Female,20,2020,BCSE,3,No,No,4,2,Offline,Yes,Yes,7,Intermediate,80,No,No,Yes,Programming,1,UI/UX,Single,No,Bachelor,No,1.88,No,2.97,29,140000,1.0900000000000003,8,5,1.707317073170732
2020,Male,20,2020,BCSE,10,No,No,2,1,Online,Yes,Yes,3,Basic,73,Yes,No,No,Networking,2,Hardware,Married,No,Bachelor,No,1.45,No,2.52,135,140000,1.07,2,4,1.4285714285714286
2020,Male,25,2018,BCSE,9,No,No,3,1,Offline,Yes,Yes,2,Advance,87,Yes,No,No,Networking,4,Hardware,Single,Yes,Family,No,1.54,No,2.62,121,144000,1.08,3,7,0.6451612903225806
2021,Male,20,2020,BCSE,8,No,No,3,3,Offline,Yes,Yes,3,Intermediate,100,No,No,Yes,Networking,1,Hardware,Single,Yes,Family,No,2.78,No,3.86,89,145000,1.08,9,4,0.9677419354838709
2019,Male,21,2018,BCSE,11,No,No,2,2,Offline,Yes,Yes,3,Intermediate,80,No,No,No,Programming,4,UI/UX,Single,No,Bachelor,No,2.1,No,3.41,139,150000,1.31,4,6,1.4285714285714286
2020,Male,24,2019,BCSE,11,No,No,5,3,Offline,Yes,No,2,Advance,100,Yes,No,Yes,Networking,1,Hardware,Single,No,Family,No,2.57,No,3.63,144,150000,1.06,15,6,0.3921568627450981
2022,Female,19,2021,BCSE,4,No,No,2,2,Offline,Yes,Yes,4,Intermediate,100,No,No,No,Artificial Intelligence,1,Software,Relationship,Yes,Family,No,2.44,No,3.59,68,155000,1.15,4,3,1.9047619047619047
2019,Male,23,2019,BCSE,10,No,No,3,1,Online,Yes,Yes,2,Basic,78,Yes,Yes,No,Networking,1,Hardware,Married,No,Family,No,1.67,No,2.77,139,160000,1.1,3,4,0.6451612903225806
2021,Female,21,2020,BCSE,6,No,No,3,3,Online,Yes,Yes,5,Advance,100,No,No,No,Artificial Intelligence,1,Hardware,Relationship,Yes,Bachelor,No,1.55,No,2.61,92,165000,1.0599999999999998,9,4,1.6129032258064515
2021,Female,20,2020,BCSE,9,No,No,2,1,Offline,Yes,Yes,2,Intermediate,100,Yes,No,No,Cyber security,1,Data Science,Single,Yes,Family,Yes,2.34,No,3.42,103,165000,1.08,2,3,0.9523809523809523
2021,Male,20,2020,BCSE,7,No,No,2,1,Offline,Yes,Yes,6,Basic,80,Yes,No,No,Web development,2,Hardware,Single,Yes,Family,No,1.54,No,2.95,90,169000,1.4100000000000001,2,4,2.857142857142857
2020,Male,21,2020,BCSE,5,No,No,4,3,Offline,Yes,Yes,5,Basic,70,No,No,Yes,Web development,2,Software,Relationship,No,Family,No,2.0,No,3.03,71,170000,1.0299999999999998,12,6,1.2195121951219514
2020,Female,21,2018,BCSE,9,No,No,2,1,Online,Yes,Yes,10,Intermediate,50,Yes,No,Yes,Cyber security,2,Hardware,Relationship,No,Family,No,1.35,No,2.66,105,200000,1.31,2,4,4.761904761904762
2020,Female,20,2019,BCSE,7,No,No,6,5,Offline,Yes,Yes,3,Basic,100,No,No,Yes,Programming,4,Software,Single,No,Family,No,2.64,Yes,3.34,70,200000,0.6999999999999997,30,10,0.49180327868852464
2020,Female,22,2019,BCSE,9,No,No,3,4,Offline,Yes,Yes,8,Intermediate,50,Yes,No,No,Cyber security,1,UI/UX,Relationship,No,Bachelor,No,1.7,No,3.0,95,200000,1.3,12,4,2.5806451612903225
2020,Female,22,2019,BCSE,10,No,No,3,2,Online,Yes,Yes,7,Intermediate,88,No,No,No,Web development,5,Networking,Relationship,No,Family,No,2.9,No,3.93,125,200000,1.0300000000000002,6,8,2.258064516129032
2020,Female,21,2020,BCSE,10,No,No,5,2,Offline,Yes,Yes,6,Advance,80,No,No,Yes,Programming,3,UI/UX,Single,No,Bachelor,No,1.9,No,3.1,99,200000,1.2000000000000002,10,8,1.1764705882352942
2020,Male,22,2019,BCSE,10,No,No,3,2,Offline,Yes,Yes,9,Intermediate,75,No,No,No,Cyber security,2,Hardware,Single,No,Bachelor,No,2.01,No,3.08,126,250000,1.0700000000000003,6,5,2.903225806451613
2021,Female,20,2021,BCSE,7,Yes,No,5,4,Offline,Yes,Yes,2,Advance,100,No,No,Yes,Programming,4,UI/UX,Single,No,Family,No,2.33,No,3.89,104,277000,1.56,20,9,0.3921568627450981
2020,Male,20,2020,BCSE,7,Yes,Yes,6,2,Online,Yes,Yes,4,Advance,70,No,No,No,Programming,3,Software,Single,No,Family,No,1.6,No,2.9,30,20000,1.2999999999999998,12,9,0.6557377049180328
2020,Male,23,2019,BCSE,11,Yes,Yes,4,2,Online,Yes,Yes,3,Intermediate,96,No,No,No,Networking,3,Data Science,Single,No,Family,No,2.67,No,3.4,140,30000,0.73,8,7,0.7317073170731708
2022,Male,21,2021,BCSE,5,No,Yes,2,1,Online,Yes,Yes,1,Intermediate,95,No,No,Yes,Web development,4,Software,Single,Yes,Bachelor,No,1.05,No,2.8,18,30000,1.7499999999999998,2,6,0.47619047619047616
2022,Female,21,2021,BCSE,6,No,Yes,7,2,Offline,Yes,No,3,Advance,100,Yes,No,Yes,Programming,2,UI/UX,Relationship,Yes,Bachelor,No,1.47,No,2.54,88,32000,1.07,14,9,0.4225352112676057
2022,Male,23,2020,BCSE,5,No,Yes,2,2,Offline,Yes,Yes,1,Basic,100,Yes,No,Yes,Programming,3,Software,Single,Yes,Bachelor,No,1.58,Yes,1.42,14,35000,-0.16000000000000014,4,5,0.47619047619047616
2021,Male,23,2020,BCSE,5,No,Yes,6,2,Offline,Yes,Yes,4,Basic,90,No,No,No,Web development,5,Software,Single,Yes,Bachelor,No,2.45,No,2.39,40,35000,-0.06000000000000005,12,11,0.6557377049180328
2021,Male,19,2021,BCSE,8,No,Yes,3,3,Online,Yes,Yes,2,Advance,89,No,No,No,Cyber security,4,Data Science,Single,No,Family,No,1.87,No,2.8,136,35000,0.9299999999999997,9,7,0.6451612903225806
2020,Male,21,2019,BCSE,9,No,Yes,3,2,Online,Yes,Yes,8,Intermediate,70,No,No,No,Programming,1,Software,Single,No,Family,No,2.33,No,3.47,128,37000,1.1400000000000001,6,4,2.5806451612903225
2020,Male,24,2019,BCSE,11,No,Yes,1,3,Offline,Yes,Yes,2,Advance,100,Yes,No,No,Cyber security,2,Data Science,Relationship,No,Bachelor,No,2.9,No,3.92,144,37000,1.02,3,3,1.8181818181818181
2021,Female,19,2021,BCSE,6,No,Yes,3,1,Offline,Yes,Yes,5,Advance,60,Yes,No,No,Cyber security,3,Data Science,Single,No,Bachelor,No,1.78,No,2.63,97,37000,0.8499999999999999,3,6,1.6129032258064515
2020,Female,21,2019,BCSE,11,No,Yes,4,2,Offline,Yes,Yes,7,Advance,100,No,No,No,Cyber security,2,Software,Single,No,Family,No,2.77,No,3.91,139,38000,1.1400000000000001,8,6,1.707317073170732
2021,Female,22,2021,BCSE,7,No,Yes,4,2,Offline,Yes,Yes,5,Advance,100,No,No,No,Cyber security,2,Hardware,Relationship,No,Family,No,1.98,No,3.03,111,39000,1.0499999999999998,8,6,1.2195121951219514
2020,Male,23,2018,BCSE,11,No,Yes,5,2,Online,Yes,Yes,11,Basic,35,No,No,Yes,Programming,2,Software,Relationship,Yes,Bachelor,No,1.43,No,2.65,107,40000,1.22,10,7,2.1568627450980395
2021,Male,20,2020,BCSE,9,Yes,Yes,5,2,Offline,Yes,Yes,3,Advance,100,No,No,No,Cyber security,3,Software,Single,No,Family,No,2.77,No,3.96,129,42000,1.19,10,8,0.5882352941176471
2020,Female,20,2020,BCSE,11,Yes,Yes,2,2,Online,Yes,Yes,3,Advance,43,Yes,No,No,Networking,4,Hardware,Married,No,Family,No,2.81,No,3.9,144,43000,1.0899999999999999,4,6,1.4285714285714286
2020,Female,21,2019,BCSE,11,No,Yes,3,1,Online,Yes,Yes,3,Intermediate,70,No,No,No,Programming,2,Software,Relationship,No,Bachelor,Yes,2.1,No,3.2,137,45000,1.1,3,5,0.9677419354838709
2020,Female,25,2019,BCSE,11,No,Yes,2,2,Offline,Yes,Yes,2,Intermediate,67,Yes,No,No,Machine Learning,4,Data Science,Relationship,Yes,Bachelor,No,1.87,No,2.92,144,45000,1.0499999999999998,4,6,0.9523809523809523
2022,Female,22,2020,BCSE,5,Yes,Yes,1,2,Offline,Yes,Yes,7,Intermediate,100,No,No,Yes,Programming,1,Software,Single,Yes,Family,Yes,2.58,No,3.74,39,45000,1.1600000000000001,2,2,6.363636363636363
2021,Female,22,2021,BCSE,6,No,Yes,3,1,Offline,Yes,Yes,7,Intermediate,80,Yes,No,Yes,Cyber security,2,Hardware,Relationship,No,Bachelor,No,1.77,No,2.82,109,45000,1.0499999999999998,3,5,2.258064516129032
2018,Male,24,2018,BCSE,11,No,Yes,3,1,Offline,Yes,Yes,7,Intermediate,88,Yes,No,Yes,Artificial Intelligence,3,Hardware,Single,No,Family,No,2.16,No,3.33,143,46000,1.17,3,6,2.258064516129032
2020,Female,23,2018,BCSE,11,Yes,Yes,1,1,Offline,Yes,No,2,Advance,100,No,No,No,Programming,3,Hardware,Single,Yes,Family,Yes,2.53,No,3.81,132,50000,1.2800000000000002,1,4,1.8181818181818181
2022,Male,23,2020,BCSE,8,No,Yes,3,2,Offline,Yes,Yes,3,Advance,98,No,No,Yes,Web development,2,Software,Relationship,No,Family,No,2.75,No,3.64,18,50000,0.8900000000000001,6,5,0.9677419354838709
2020,Female,20,2020,BCSE,9,No,Yes,3,2,Online,Yes,Yes,7,Advance,70,No,No,Yes,Web development,1,UI/UX,Single,Yes,Family,No,2.01,No,3.15,131,50000,1.1400000000000001,6,4,2.258064516129032
2021,Female,20,2020,BCSE,9,Yes,Yes,3,2,Online,Yes,Yes,3,Intermediate,76,No,No,Yes,Artificial Intelligence,3,Hardware,Single,Yes,Family,No,2.77,No,3.8,129,50000,1.0299999999999998,6,6,0.9677419354838709
2019,Female,22,2018,BCSE,11,No,Yes,5,3,Online,Yes,Yes,11,Intermediate,80,No,No,No,Web development,2,UI/UX,Single,No,Bachelor,No,2.04,No,3.16,143,51000,1.12,15,7,2.1568627450980395
2021,Male,20,2020,BCSE,7,Yes,Yes,5,3,Online,Yes,Yes,4,Intermediate,55,No,No,Yes,Cyber security,2,Data Science,Single,No,Family,No,2.01,No,3.13,101,51000,1.12,15,7,0.7843137254901962
2021,Female,20,2020,BCSE,8,No,Yes,3,2,Online,Yes,Yes,3,Basic,24,No,No,Yes,Programming,4,UI/UX,Relationship,Yes,Bachelor,No,1.87,No,2.93,117,52000,1.06,6,7,0.9677419354838709
2020,Male,24,2019,BCSE,10,Yes,Yes,6,2,Offline,Yes,Yes,3,Advance,100,No,No,No,Cyber security,1,Data Science,Married,Yes,Family,No,2.02,No,3.11,134,53000,1.0899999999999999,12,7,0.49180327868852464
2021,Male,21,2021,BCSE,9,No,Yes,3,2,Offline,Yes,Yes,6,Intermediate,70,No,No,Yes,Programming,2,UI/UX,Relationship,Yes,Bachelor,No,1.98,No,2.97,105,53000,0.9900000000000002,6,5,1.9354838709677418
2020,Male,21,2019,BCSE,9,No,Yes,4,2,Online,Yes,Yes,5,Advance,100,No,No,No,Cyber security,1,Software,Single,Yes,Family,No,2.56,No,3.79,132,55000,1.23,8,5,1.2195121951219514
2019,Male,23,2019,BCSE,11,No,Yes,3,1,Online,Yes,Yes,2,Intermediate,100,Yes,No,No,Networking,1,Hardware,Married,Yes,Family,No,1.54,No,2.66,136,55000,1.12,3,4,0.6451612903225806
2020,Male,23,2019,BCSE,11,No,Yes,3,3,Offline,Yes,Yes,1,Intermediate,100,No,No,No,Programming,1,Software,Single,Yes,Bachelor,No,1.56,No,2.65,143,55000,1.0899999999999999,9,4,0.3225806451612903
2022,Female,20,2020,BCSE,6,No,Yes,3,2,Offline,Yes,Yes,3,Basic,30,No,No,Yes,Networking,1,Hardware,Relationship,Yes,Family,No,1.88,No,2.98,77,55000,1.1,6,4,0.9677419354838709
2020,Male,22,2020,BCSE,10,No,Yes,1,2,Offline,Yes,No,2,Intermediate,100,No,No,No,Web development,2,Data Science,Single,No,Bachelor,Yes,2.76,No,3.8,136,55000,1.04,2,3,1.8181818181818181
2022,Female,20,2021,BCSE,4,No,Yes,3,2,Offline,Yes,Yes,2,Intermediate,85,No,No,Yes,Programming,2,Data Science,Single,Yes,Bachelor,No,1.56,No,2.97,67,55000,1.4100000000000001,6,5,0.6451612903225806
2019,Female,21,2018,BCSE,10,No,Yes,1,1,Online,Yes,Yes,9,Intermediate,57,Yes,No,No,Cyber security,1,Hardware,Relationship,Yes,Bachelor,Yes,1.24,No,2.35,137,56000,1.11,1,2,8.181818181818182
2020,Female,21,2019,BCSE,10,No,Yes,5,2,Online,Yes,Yes,4,Advance,90,No,No,Yes,Machine Learning,2,Software,Single,Yes,Family,No,1.95,No,2.92,139,58000,0.97,10,7,0.7843137254901962
2021,Female,21,2021,BCSE,9,No,Yes,1,1,Offline,Yes,Yes,2,Advance,50,Yes,No,No,Cyber security,2,Data Science,Married,Yes,Family,Yes,1.65,No,2.7,139,59000,1.0500000000000003,1,3,1.8181818181818181
2018,Female,24,2016,BCSE,8,No,Yes,3,2,Online,Yes,Yes,8,Intermediate,89,Yes,No,No,Networking,1,Data Science,Married,No,Family,No,1.11,No,2.35,95,60000,1.24,6,4,2.5806451612903225
2020,Female,24,2018,BCSE,9,No,Yes,1,2,Offline,Yes,Yes,8,Intermediate,70,No,No,No,Networking,2,Hardware,Single,No,Bachelor,No,1.71,No,2.82,118,60000,1.1099999999999999,2,3,7.2727272727272725
2020,Male,23,2019,BCSE,11,Yes,Yes,4,2,Online,Yes,Yes,5,Intermediate,95,Yes,No,Yes,Networking,5,Data Science,Relationship,Yes,Bachelor,No,1.33,No,2.99,104,60000,1.6600000000000001,8,9,1.2195121951219514
2021,Female,20,2020,BCSE,9,No,Yes,2,1,Offline,Yes,No,3,Intermediate,100,Yes,No,Yes,Artificial Intelligence,2,Data Science,Relationship,Yes,Bachelor,No,2.56,No,3.63,106,60000,1.0699999999999998,2,4,1.4285714285714286
2022,Male,22,2022,BCSE,3,Yes,Yes,4,2,Offline,Yes,Yes,3,Intermediate,100,No,No,No,Web development,2,UI/UX,Single,No,Bachelor,No,2.81,No,3.97,51,60000,1.1600000000000001,8,6,0.7317073170731708
2020,Female,21,2020,BCSE,10,Yes,Yes,2,1,Offline,Yes,Yes,1,Advance,100,No,No,No,Artificial Intelligence,1,Software,Relationship,No,Bachelor,No,2.73,No,3.81,135,61000,1.08,2,3,0.47619047619047616
2021,Female,19,2021,BCSE,6,No,Yes,7,3,Offline,Yes,Yes,3,Intermediate,89,No,No,No,Programming,1,UI/UX,Relationship,No,Family,No,1.88,No,2.9,132,64000,1.02,21,8,0.4225352112676057
2022,Male,23,2020,BCSE,5,Yes,Yes,2,3,Online,Yes,Yes,3,Basic,90,No,No,No,Networking,3,Hardware,Single,Yes,Family,No,2.33,No,3.68,43,65000,1.35,6,5,1.4285714285714286
2019,Male,24,2018,BCSE,11,No,Yes,3,2,Online,Yes,Yes,5,Intermediate,100,No,No,Yes,Web development,2,Software,Single,No,Bachelor,Yes,2.22,No,3.45,132,66000,1.23,6,5,1.6129032258064515
2021,Male,20,2020,BCSE,9,No,Yes,2,1,Offline,Yes,Yes,3,Advance,45,No,No,No,Networking,2,Hardware,Single,No,Bachelor,No,1.45,No,2.53,117,66000,1.0799999999999998,2,4,1.4285714285714286
2022,Female,20,2021,BCSE,5,No,Yes,4,2,Online,Yes,Yes,3,Intermediate,100,No,No,No,Programming,1,Software,Single,Yes,Bachelor,Yes,1.76,No,2.82,62,66000,1.0599999999999998,8,5,0.7317073170731708
2022,Female,20,2021,BCSE,5,Yes,Yes,5,3,Offline,Yes,Yes,3,Intermediate,100,No,No,Yes,Web development,2,Software,Single,Yes,Family,Yes,2.66,No,3.79,58,67000,1.13,15,7,0.5882352941176471
2020,Female,25,2019,BCSE,11,No,Yes,2,2,Offline,Yes,Yes,2,Intermediate,43,Yes,No,Yes,Networking,2,Hardware,Relationship,Yes,Bachelor,No,2.55,No,3.6,143,68000,1.0500000000000003,4,4,0.9523809523809523
2020,Female,21,2020,BCSE,11,No,Yes,4,2,Offline,Yes,Yes,3,Intermediate,87,No,No,Yes,Networking,4,Hardware,Married,No,Family,No,2.71,No,3.78,143,68000,1.0699999999999998,8,8,0.7317073170731708
2022,Female,20,2021,BCSE,5,No,Yes,3,1,Offline,Yes,Yes,8,Intermediate,88,No,No,No,Web development,3,UI/UX,Relationship,No,Bachelor,Yes,2.22,No,3.19,87,68000,0.9699999999999998,3,6,2.5806451612903225
2021,Male,21,2021,BCSE,4,No,Yes,1,1,Online,Yes,Yes,7,Intermediate,80,Yes,Yes,No,Machine Learning,1,Software,Relationship,Yes,Bachelor,No,1.95,No,2.88,43,68000,0.9299999999999999,1,2,6.363636363636363
2021,Female,22,2018,BCSE,6,Yes,Yes,2,2,Online,Yes,Yes,1,Intermediate,100,No,No,Yes,Web development,1,Data Science,Single,No,Family,No,2.77,No,3.56,56,70000,0.79,4,3,0.47619047619047616
2019,Male,21,2018,BCSE,8,Yes,Yes,7,2,Offline,Yes,Yes,2,Advance,100,No,No,No,Machine Learning,2,Hardware,Single,Yes,Bachelor,No,2.75,No,3.93,125,70000,1.1800000000000002,14,9,0.28169014084507044
2021,Female,21,2020,BCSE,6,Yes,Yes,6,2,Offline,Yes,Yes,6,Intermediate,100,No,No,Yes,Networking,6,Software,Single,No,Bachelor,No,2.61,No,3.78,35,70000,1.17,12,12,0.9836065573770493
2020,Female,22,2020,BCSE,7,No,Yes,6,2,Online,Yes,Yes,4,Advance,30,Yes,No,Yes,Cyber security,1,UI/UX,Relationship,No,Family,No,1.35,No,2.65,105,70000,1.2999999999999998,12,7,0.6557377049180328
2020,Male,20,2020,BCSE,10,No,Yes,1,3,Offline,Yes,Yes,2,Advance,87,Yes,No,No,Networking,1,Hardware,Relationship,No,Bachelor,No,2.44,No,3.56,135,70000,1.12,3,2,1.8181818181818181
2022,Female,20,2021,BCSE,6,No,Yes,4,3,Offline,Yes,Yes,2,Advance,100,No,No,Yes,Web development,1,Software,Relationship,Yes,Bachelor,Yes,1.56,No,2.64,78,70000,1.08,12,5,0.48780487804878053
2022,Female,20,2021,BCSE,5,No,Yes,3,3,Offline,Yes,Yes,2,Advance,100,No,No,Yes,Networking,1,Hardware,Relationship,No,Bachelor,No,1.76,No,2.84,58,70000,1.0799999999999998,9,4,0.6451612903225806
2022,Female,20,2020,BCSE,4,No,Yes,5,4,Offline,Yes,Yes,6,Intermediate,70,No,No,Yes,Web development,2,Software,Relationship,Yes,Family,No,1.9,No,3.13,89,71000,1.23,20,7,1.1764705882352942
2021,Male,21,2020,BCSE,6,No,Yes,4,2,Offline,Yes,Yes,6,Intermediate,100,No,No,Yes,Programming,3,UI/UX,Single,No,Family,No,1.99,No,3.05,79,71000,1.0599999999999998,8,7,1.4634146341463417
2022,Female,21,2021,BCSE,7,No,Yes,1,2,Offline,Yes,Yes,2,Intermediate,56,Yes,No,No,Artificial Intelligence,2,Data Science,Relationship,No,Family,No,2.43,No,3.55,107,71000,1.1199999999999997,2,3,1.8181818181818181
2019,Female,23,2019,BCSE,10,No,Yes,5,1,Offline,Yes,Yes,2,Basic,91,No,No,No,Programming,2,Software,Single,No,Bachelor,Yes,1.67,No,2.74,137,74000,1.0700000000000003,5,7,0.3921568627450981
2020,Female,20,2020,BCSE,11,Yes,Yes,4,1,Offline,Yes,Yes,2,Intermediate,100,Yes,No,No,Networking,1,Hardware,Married,No,Family,No,2.78,No,3.83,143,74000,1.0500000000000003,4,5,0.48780487804878053
2020,Male,22,2019,BCSE,9,Yes,Yes,3,4,Offline,Yes,Yes,6,Advance,100,No,No,No,Programming,3,UI/UX,Single,No,Bachelor,Yes,1.81,No,2.95,137,75000,1.1400000000000001,12,6,1.9354838709677418
2020,Male,20,2020,BCSE,11,Yes,Yes,7,4,Offline,Yes,Yes,2,Advance,100,No,No,No,Cyber security,3,Data Science,Single,Yes,Family,No,2.91,No,3.97,139,75000,1.06,28,10,0.28169014084507044
2023,Male,19,2022,BCSE,2,No,Yes,3,1,Online,Yes,Yes,5,Basic,100,No,No,No,Cyber security,1,UI/UX,Single,No,Bachelor,No,2.65,No,3.57,27,75000,0.9199999999999999,3,4,1.6129032258064515
2019,Male,24,2018,BCSE,11,No,Yes,4,2,Online,Yes,Yes,6,Intermediate,77,No,No,Yes,Cyber security,2,Data Science,Single,No,Family,Yes,2.23,No,3.65,145,76000,1.42,8,6,1.4634146341463417
2020,Female,21,2019,BCSE,7,No,Yes,3,1,Online,Yes,Yes,6,Basic,86,No,No,No,Web development,3,Software,Single,No,Family,Yes,2.13,No,3.28,98,77000,1.15,3,6,1.9354838709677418
2019,Male,23,2019,BCSE,11,Yes,Yes,5,3,Offline,Yes,Yes,5,Intermediate,100,No,No,Yes,Machine Learning,2,Software,Single,Yes,Family,No,2.66,No,3.85,145,77000,1.19,15,7,0.9803921568627452
2020,Female,20,2020,BCSE,11,No,Yes,3,3,Online,Yes,No,3,Intermediate,100,No,No,Yes,Web development,4,Software,Single,Yes,Family,No,2.87,No,3.9,143,77000,1.0299999999999998,9,7,0.9677419354838709
2022,Female,20,2021,BCSE,7,No,Yes,2,2,Online,Yes,Yes,3,Intermediate,67,No,No,Yes,Networking,3,Hardware,Relationship,Yes,Bachelor,Yes,2.65,No,3.75,95,77000,1.1,4,5,1.4285714285714286
2021,Female,22,2021,BCSE,10,No,Yes,2,3,Online,Yes,No,1,Intermediate,100,No,No,No,Web development,2,Software,Relationship,Yes,Family,No,1.38,No,2.51,134,77000,1.13,6,4,0.47619047619047616
2019,Male,25,2018,BCSE,11,Yes,Yes,5,3,Online,Yes,No,12,Intermediate,100,No,No,Yes,Machine Learning,2,UI/UX,Married,No,Family,No,2.19,No,3.45,103,78000,1.2600000000000002,15,7,2.3529411764705883
2020,Female,20,2019,BCSE,8,No,Yes,3,1,Offline,Yes,No,6,Intermediate,80,No,No,No,Web development,3,Data Science,Single,No,Family,No,2.11,No,3.46,101,78000,1.35,3,6,1.9354838709677418
2020,Female,25,2019,BCSE,11,No,Yes,1,2,Offline,Yes,Yes,2,Basic,67,Yes,No,No,Machine Learning,4,Data Science,Married,Yes,Family,No,1.78,No,2.8,143,78000,1.0199999999999998,2,5,1.8181818181818181
2021,Female,19,2021,BCSE,7,No,Yes,3,2,Offline,Yes,Yes,5,Intermediate,100,No,No,No,Artificial Intelligence,2,Hardware,Single,No,Bachelor,No,2.45,No,3.76,100,78000,1.3099999999999996,6,5,1.6129032258064515
2021,Male,20,2020,BCSE,10,No,Yes,2,3,Offline,Yes,Yes,2,Intermediate,100,Yes,No,No,Networking,4,Hardware,Single,Yes,Family,No,2.67,No,3.7,132,79000,1.0300000000000002,6,6,0.9523809523809523
2021,Male,21,2021,BCSE,9,Yes,Yes,3,3,Online,Yes,Yes,2,Basic,100,Yes,No,Yes,Programming,2,Data Science,Relationship,Yes,Family,No,2.61,No,3.77,123,79000,1.1600000000000001,9,5,0.6451612903225806
2020,Female,25,2018,BCSE,12,Yes,Yes,6,2,Online,Yes,Yes,6,Intermediate,80,No,No,Yes,Web development,3,Software,Married,No,Family,No,1.61,No,2.81,133,80000,1.2,12,9,0.9836065573770493
2020,Male,23,2019,BCSE,9,No,Yes,1,1,Offline,Yes,Yes,5,Basic,100,No,No,Yes,Networking,1,Hardware,Married,No,Bachelor,No,2.89,No,3.89,102,80000,1.0,1,2,4.545454545454545
2021,Female,20,2020,BCSE,9,No,Yes,2,2,Offline,Yes,Yes,3,Basic,100,Yes,No,No,Cyber security,4,Data Science,Married,Yes,Family,No,1.68,No,2.71,101,80000,1.03,4,6,1.4285714285714286
2020,Male,20,2020,BCSE,11,No,Yes,1,1,Offline,Yes,Yes,3,Advance,100,No,No,Yes,Cyber security,2,Data Science,Relationship,Yes,Bachelor,No,1.63,No,2.7,143,80000,1.0700000000000003,1,3,2.727272727272727
2021,Male,20,2021,BCSE,7,No,Yes,2,1,Offline,Yes,Yes,2,Advance,95,No,No,Yes,Machine Learning,3,Software,Relationship,No,Family,No,1.56,No,2.64,97,80000,1.08,2,5,0.9523809523809523
2020,Male,20,2020,BCSE,11,No,Yes,4,1,Offline,Yes,Yes,2,Intermediate,100,Yes,No,Yes,Artificial Intelligence,4,Data Science,Relationship,Yes,Bachelor,No,2.75,No,3.8,143,81000,1.0499999999999998,4,8,0.48780487804878053
2020,Male,22,2018,BCSE,7,Yes,Yes,6,3,Offline,Yes,No,3,Advance,100,No,No,No,Web development,3,Software,Single,No,Family,No,2.56,No,3.95,115,85000,1.3900000000000001,18,9,0.49180327868852464
2020,Female,22,2020,BCSE,11,No,Yes,2,3,Offline,Yes,Yes,1,Intermediate,100,Yes,No,No,Web development,4,Software,Married,No,Family,No,2.56,No,3.66,143,86000,1.1,6,6,0.47619047619047616
2019,Male,24,2018,BCSE,11,No,Yes,5,2,Offline,Yes,Yes,3,Intermediate,89,Yes,No,No,Networking,4,Hardware,Single,Yes,Bachelor,No,1.76,No,2.89,143,87000,1.1300000000000001,10,9,0.5882352941176471
2020,Male,23,2019,BCSE,10,No,Yes,2,2,Offline,Yes,Yes,3,Intermediate,79,Yes,No,No,Networking,1,Hardware,Single,Yes,Bachelor,No,2.87,No,3.91,139,88000,1.04,4,3,1.4285714285714286
2022,Male,20,2021,BCSE,7,No,Yes,3,1,Offline,Yes,Yes,2,Basic,50,No,No,No,Artificial Intelligence,4,Data Science,Relationship,Yes,Bachelor,No,1.56,No,2.63,88,88000,1.0699999999999998,3,7,0.6451612903225806
2019,Male,21,2018,BCSE,11,Yes,Yes,2,1,Offline,Yes,Yes,4,Intermediate,100,No,No,Yes,Machine Learning,2,Data Science,Relationship,Yes,Bachelor,Yes,2.57,No,3.88,145,89000,1.31,2,4,1.9047619047619047
2019,Male,25,2018,BCSE,11,No,Yes,4,2,Online,Yes,Yes,3,Advance,81,No,No,No,Artificial Intelligence,2,Data Science,Single,Yes,Family,No,1.5,No,2.63,143,89000,1.13,8,6,0.7317073170731708
2021,Female,20,2020,BCSE,10,No,Yes,3,3,Offline,Yes,Yes,1,Intermediate,100,No,No,No,Machine Learning,2,Data Science,Single,No,Bachelor,No,2.55,No,3.6,135,89000,1.0500000000000003,9,5,0.3225806451612903
2022,Female,19,2021,BCSE,4,Yes,Yes,5,2,Offline,Yes,Yes,4,Advance,100,No,No,Yes,Machine Learning,2,Hardware,Single,Yes,Family,No,2.56,No,3.89,29,89000,1.33,10,7,0.7843137254901962
2019,Male,24,2019,BCSE,11,Yes,Yes,6,3,Online,Yes,No,2,Advance,100,No,No,Yes,Artificial Intelligence,1,Hardware,Single,Yes,Family,No,2.87,No,3.94,143,90000,1.0699999999999998,18,7,0.3278688524590164
2019,Female,24,2019,BCSE,11,No,No,1,2,Offline,Yes,No,5,Advance,100,No,No,Yes,Networking,2,Hardware,Single,Yes,Bachelor,No,2.48,No,3.78,144,90000,1.2999999999999998,2,3,4.545454545454545
2021,Male,24,2019,BCSE,6,No,Yes,1,1,Offline,Yes,Yes,10,Advance,90,No,No,No,Networking,1,Hardware,Single,No,Bachelor,No,1.35,No,2.65,98,90000,1.2999999999999998,1,2,9.09090909090909
2020,Male,22,2020,BCSE,7,No,Yes,5,2,Online,Yes,Yes,8,Advance,100,No,No,No,Web development skill,2,UI/UX,Single,No,Family,No,1.56,No,2.98,99,90000,1.42,10,7,1.5686274509803924
2021,Female,20,2020,BCSE,8,No,Yes,4,3,Offline,Yes,Yes,4,Intermediate,65,Yes,No,Yes,Artificial Intelligence,2,Software,Single,Yes,Family,No,1.66,No,2.45,105,90000,0.7900000000000003,12,6,0.9756097560975611
2022,Male,20,2021,BCSE,5,No,Yes,2,2,Offline,Yes,No,3,Advance,100,No,No,Yes,Web development skill,2,Software,Relationship,No,Family,Yes,1.86,No,2.91,60,93000,1.05,4,4,1.4285714285714286
2023,Female,19,2021,BCSE,2,No,Yes,4,3,Offline,Yes,Yes,3,Intermediate,100,No,No,No,Artificial Intelligence,2,Software,Single,No,Bachelor,No,2.77,No,3.83,30,95000,1.06,12,6,0.7317073170731708
2022,Female,21,2021,BCSE,6,No,Yes,1,2,Offline,Yes,Yes,3,Intermediate,53,Yes,No,No,Networking,1,Hardware,Relationship,No,Bachelor,No,2.81,No,3.9,83,95000,1.0899999999999999,2,2,2.727272727272727
2021,Female,21,2020,BCSE,9,Yes,Yes,2,1,Offline,Yes,Yes,3,Advance,100,Yes,No,No,Artificial Intelligence,2,Data Science,Single,Yes,Family,No,2.75,No,3.81,120,96000,1.06,2,4,1.4285714285714286
2019,Male,25,2018,BCSE,11,No,Yes,5,1,Offline,Yes,Yes,3,Advance,67,No,No,Yes,Web development,4,Software,Single,Yes,Bachelor,No,1.56,No,2.63,143,97000,1.0699999999999998,5,9,0.5882352941176471
2020,Male,23,2019,BCSE,10,Yes,Yes,2,2,Offline,Yes,Yes,6,Intermediate,100,No,No,No,Networking,1,Hardware,Single,No,Family,No,2.91,No,3.98,91,97000,1.0699999999999998,4,3,2.857142857142857
2022,Male,21,2021,BCSE,5,No,Yes,2,2,Offline,Yes,No,2,Advance,54,No,No,No,Networking,2,Hardware,Married,No,Family,No,1.54,No,2.63,68,97000,1.0899999999999999,4,4,0.9523809523809523
2019,Female,25,2018,BCSE,11,No,Yes,3,3,Offline,Yes,Yes,3,Intermediate,87,Yes,Yes,No,Networking,4,Hardware,Relationship,No,Bachelor,No,1.78,No,2.83,143,98000,1.05,9,7,0.9677419354838709
2022,Female,22,2019,BCSE,4,Yes,No,8,1,Online,Yes,Yes,10,Advance,70,Yes,No,Yes,Web development,1,UI/UX,Relationship,Yes,Family,No,2.9,No,3.88,60,100000,0.98,8,9,1.234567901234568
2020,Male,21,2019,BCSE,9,No,Yes,3,1,Offline,Yes,Yes,3,Basic,56,Yes,No,No,Cyber security,4,Data Science,Relationship,Yes,Family,Yes,2.67,No,3.75,116,100000,1.08,3,7,0.9677419354838709
2021,Male,20,2021,BCSE,8,No,Yes,4,2,Online,Yes,No,5,Intermediate,100,No,No,No,Cyber security,1,Data Science,Single,No,Family,No,2.33,No,3.45,102,100000,1.12,8,5,1.2195121951219514
2020,Female,24,2018,BCSE,9,No,Yes,3,3,Offline,Yes,Yes,3,Intermediate,68,No,No,No,Networking,4,Hardware,Relationship,Yes,Bachelor,No,2.76,No,3.56,123,110000,0.8000000000000003,9,7,0.9677419354838709
2021,Male,21,2020,BCSE,6,No,Yes,5,2,Online,Yes,Yes,9,Intermediate,60,Yes,No,No,Web development,2,Machine Learning,Relationship,No,Bachelor,No,1.23,No,2.76,89,110000,1.5299999999999998,10,7,1.7647058823529413
2020,Female,22,2020,BCSE,10,No,Yes,2,3,Online,Yes,Yes,3,Intermediate,55,Yes,No,No,Programming,4,UI/UX,Married,No,Family,No,2.35,No,3.48,135,116000,1.13,6,6,1.4285714285714286
2020,Male,22,2019,BCSE,9,No,Yes,4,3,Offline,Yes,Yes,3,Intermediate,76,Yes,No,Yes,Networking,2,Hardware,Married,No,Family,No,1.34,No,2.48,103,117000,1.14,12,6,0.7317073170731708
2019,Female,25,2018,BCSE,11,Yes,Yes,6,3,Offline,Yes,Yes,3,Intermediate,90,No,No,Yes,Artificial Intelligence,2,Hardware,Single,No,Family,No,2.07,No,3.12,144,119000,1.0500000000000003,18,8,0.49180327868852464
2020,Male,20,2020,BCSE,11,No,Yes,4,1,Online,Yes,Yes,2,Advance,100,Yes,No,No,Cyber security,1,Data Science,Single,Yes,Bachelor,No,2.56,No,3.6,143,120000,1.04,4,5,0.48780487804878053
2022,Female,21,2021,BCSE,6,No,Yes,3,1,Offline,Yes,Yes,2,Basic,63,No,No,Yes,Networking,2,Hardware,Single,No,Family,No,1.77,No,2.8,78,120000,1.0299999999999998,3,5,0.6451612903225806
2022,Female,20,2021,BCSE,6,No,Yes,3,2,Offline,Yes,Yes,3,Basic,66,Yes,Yes,No,Networking,4,Hardware,Relationship,No,Bachelor,No,2.67,No,3.77,78,120000,1.1,6,7,0.9677419354838709
2019,Female,22,2019,BCSE,11,No,Yes,2,1,Offline,Yes,Yes,3,Basic,100,No,No,Yes,Web development,4,Software,Single,Yes,Bachelor,No,1.86,No,2.93,143,121000,1.07,2,6,1.4285714285714286
2022,Male,20,2020,BCSE,5,No,Yes,1,2,Offline,Yes,Yes,3,Intermediate,100,Yes,No,Yes,Web development,4,Software,Single,Yes,Bachelor,No,1.87,No,2.94,68,121000,1.0699999999999998,2,5,2.727272727272727
2021,Male,20,2019,BCSE,7,No,Yes,2,1,Online,Yes,Yes,9,Intermediate,80,Yes,No,Yes,Programming,2,Software,Single,No,Family,Yes,1.22,No,2.78,107,130000,1.5599999999999998,2,4,4.285714285714286
2022,Female,21,2021,BCSE,6,No,Yes,3,3,Offline,Yes,Yes,2,Intermediate,100,Yes,No,Yes,Artificial Intelligence,4,Data Science,Relationship,Yes,Bachelor,No,1.4,No,2.54,77,130000,1.1400000000000001,9,7,0.6451612903225806
2022,Female,20,2021,BCSE,5,No,Yes,3,3,Online,Yes,Yes,1,Intermediate,100,No,No,Yes,Cyber security,2,Data Science,Single,Yes,Family,No,1.78,No,2.83,59,135000,1.05,9,5,0.3225806451612903
2022,Male,20,2021,BCSE,5,No,Yes,4,3,Offline,Yes,Yes,3,Intermediate,78,No,No,Yes,Web development,4,Software,Married,No,Family,No,1.77,No,2.85,63,136000,1.08,12,8,0.7317073170731708
2019,Male,22,2018,BCSE,11,No,Yes,5,3,Offline,Yes,No,5,Advance,100,No,No,No,Programming,1,UI/UX,Single,No,Family,Yes,2.55,No,3.66,143,137000,1.1100000000000003,15,6,0.9803921568627452
2021,Male,20,2021,BCSE,9,No,Yes,1,2,Offline,Yes,Yes,2,Advance,100,No,No,No,Artificial Intelligence,1,Software,Single,No,Bachelor,Yes,2.65,No,3.88,125,140000,1.23,2,2,1.8181818181818181
2019,Female,25,2018,BCSE,11,Yes,Yes,5,3,Offline,Yes,Yes,3,Intermediate,35,Yes,No,Yes,Networking,2,Hardware,Relationship,Yes,Bachelor,No,2.81,No,3.9,143,144000,1.0899999999999999,15,7,0.5882352941176471
2021,Female,20,2020,BCSE,9,No,Yes,2,2,Offline,Yes,Yes,3,Intermediate,100,No,No,Yes,Web development,2,Data Science,Relationship,Yes,Family,No,2.34,No,3.44,113,167000,1.1,4,4,1.4285714285714286
2020,Male,20,2020,BCSE,11,No,Yes,2,1,Offline,Yes,Yes,3,Advance,87,Yes,No,No,Cyber security,4,Data Science,Single,Yes,Family,No,2.35,No,3.43,143,170000,1.08,2,6,1.4285714285714286
2021,Female,20,2020,BCSE,8,No,Yes,1,2,Online,Yes,Yes,2,Basic,46,Yes,No,No,Cyber security,2,Data Science,Relationship,Yes,Bachelor,No,2.65,No,3.77,100,180000,1.12,2,3,1.8181818181818181
2022,Male,23,2020,BCSE,8,Yes,Yes,4,2,Offline,Yes,Yes,4,Basic,100,Yes,No,Yes,Programming,2,Software,Single,Yes,Bachelor,No,2.5,No,2.22,18,200000,-0.2799999999999998,8,6,0.9756097560975611
2021,Male,22,2020,BCSE,9,No,Yes,3,2,Offline,Yes,No,2,Basic,100,Yes,No,No,Networking,2,Hardware,Married,Yes,Family,No,1.56,No,2.78,100,200000,1.2199999999999998,6,5,0.6451612903225806
2019,Female,25,2018,BCSE,11,No,Yes,5,3,Offline,Yes,Yes,3,Intermediate,100,No,No,Yes,Web development,4,Software,Single,No,Bachelor,No,1.4,No,2.52,136,210000,1.12,15,9,0.5882352941176471
2018,Female,23,2017,BCSE,11,No,Yes,3,2,Online,Yes,Yes,5,Intermediate,100,No,No,No,Networking,1,Hardware,Relationship,Yes,Bachelor,No,1.34,No,2.88,88,250000,1.5399999999999998,6,4,1.6129032258064515
